,date,UNH,overlap,JNJ,PFE,TMO,ABT,ABBV,LLY,DHR,MRK,MDT
0,2017-01-17,47.0,1.0,14.0,24.0,24.0,71.0,3.0,28.0,37.0,9.0,59.0
1,2017-01-18,39.0,1.0,14.0,35.0,10.0,75.0,3.0,57.0,44.0,16.0,60.0
2,2017-01-19,44.0,1.0,21.0,25.0,9.0,57.0,9.0,40.0,38.0,13.0,52.0
3,2017-01-20,50.0,1.0,20.0,28.0,16.0,65.0,7.0,67.0,42.0,19.0,73.0
4,2017-01-21,37.0,1.0,4.0,10.0,12.0,69.0,1.0,30.0,27.0,15.0,24.0
5,2017-01-22,32.0,1.0,7.0,9.0,10.0,67.0,7.0,33.0,22.0,7.0,28.0
6,2017-01-23,60.0,1.0,13.0,42.0,16.0,74.0,5.0,17.0,38.0,13.0,53.0
7,2017-01-24,45.0,1.0,32.0,29.0,10.0,88.0,3.0,41.0,29.0,20.0,59.0
8,2017-01-25,59.0,1.0,20.0,27.0,23.0,66.0,7.0,25.0,54.0,17.0,46.0
9,2017-01-26,54.0,1.0,26.0,24.0,22.0,70.0,12.0,49.0,46.0,17.0,44.0
10,2017-01-27,51.0,1.0,14.0,31.0,13.0,68.0,11.0,55.0,37.0,8.0,41.0
11,2017-01-28,44.0,1.0,9.0,16.0,8.0,62.0,1.0,25.0,12.0,7.0,26.0
12,2017-01-29,40.0,1.0,4.0,11.0,13.0,70.0,1.0,26.0,29.0,4.0,20.0
13,2017-01-30,59.0,1.0,14.0,31.0,23.0,67.0,6.0,79.0,44.0,12.0,53.0
14,2017-01-31,41.0,1.0,17.0,34.0,14.0,54.0,7.0,59.0,23.0,20.0,50.0
15,2017-02-01,68.0,1.0,17.0,36.0,20.0,67.0,15.0,26.0,38.0,8.0,83.0
16,2017-02-02,58.0,1.0,29.0,36.0,13.0,58.0,4.0,57.0,37.0,23.0,50.0
17,2017-02-03,47.0,1.0,20.0,33.0,13.0,49.0,6.0,42.0,50.0,12.0,39.0
18,2017-02-04,30.0,1.0,9.0,10.0,16.0,77.0,2.0,38.0,13.0,9.0,37.0
19,2017-02-05,12.0,1.0,9.0,6.0,12.0,60.0,4.0,33.0,19.0,11.0,33.0
20,2017-02-06,44.0,1.0,20.0,24.0,11.0,66.0,4.0,43.0,38.0,9.0,55.0
21,2017-02-07,37.0,1.0,19.0,16.0,13.0,58.0,5.0,27.0,38.0,13.0,62.0
22,2017-02-08,47.0,1.0,18.0,26.0,11.0,65.0,5.0,34.0,34.0,12.0,65.0
23,2017-02-09,38.0,1.0,13.0,33.0,8.0,72.0,9.0,37.0,44.0,17.0,49.0
24,2017-02-10,32.0,1.0,22.0,21.0,16.0,63.0,4.0,27.0,33.0,9.0,67.0
25,2017-02-11,25.0,1.0,4.0,10.0,13.0,51.0,3.0,60.0,27.0,8.0,29.0
26,2017-02-12,31.0,1.0,3.0,8.0,7.0,52.0,1.0,23.0,28.0,10.0,26.0
27,2017-02-13,49.0,1.0,14.0,28.0,17.0,60.0,6.0,36.0,34.0,14.0,49.0
28,2017-02-14,36.0,1.0,11.0,32.0,17.0,74.0,5.0,55.0,38.0,16.0,58.0
29,2017-02-15,44.0,1.0,22.0,36.0,16.0,60.0,5.0,74.0,52.0,17.0,55.0
30,2017-02-16,46.0,1.0,27.0,34.0,15.0,61.0,9.0,45.0,34.0,9.0,49.0
31,2017-02-17,47.0,1.0,19.0,25.0,16.0,47.0,7.0,23.0,38.0,15.0,43.0
32,2017-02-18,29.0,1.0,12.0,9.0,12.0,70.0,10.0,59.0,18.0,9.0,36.0
33,2017-02-19,39.0,1.0,3.0,10.0,8.0,56.0,3.0,29.0,17.0,14.0,29.0
34,2017-02-20,51.0,1.0,6.0,20.0,23.0,51.0,3.0,22.0,25.0,12.0,51.0
35,2017-02-21,37.0,1.0,24.0,26.0,15.0,69.0,6.0,54.0,47.0,12.0,52.0
36,2017-02-22,54.0,1.0,19.0,31.0,24.0,53.0,7.0,40.0,49.0,22.0,50.0
37,2017-02-23,55.0,1.0,22.0,23.0,13.0,61.0,9.0,61.0,32.0,14.0,51.0
38,2017-02-24,56.0,1.0,27.0,13.0,10.0,79.0,4.0,62.0,44.0,11.0,41.0
39,2017-02-25,38.0,1.0,13.0,14.0,19.0,67.0,0.0,37.0,19.0,7.0,32.0
40,2017-02-26,28.0,1.0,5.0,15.0,10.0,63.0,0.0,64.0,30.0,7.0,36.0
41,2017-02-27,52.0,1.0,17.0,21.0,26.0,63.0,4.0,38.0,35.0,12.0,41.0
42,2017-02-28,52.0,1.0,21.0,26.0,13.0,68.0,7.0,46.0,21.0,8.0,39.0
43,2017-03-01,52.0,1.0,21.0,38.0,11.0,60.0,6.0,54.0,29.0,14.0,47.0
44,2017-03-02,61.0,1.0,22.0,42.0,10.0,68.0,2.0,39.0,29.0,22.0,57.0
45,2017-03-03,48.0,1.0,22.0,26.0,12.0,65.0,2.0,54.0,30.0,10.0,56.0
46,2017-03-04,37.0,1.0,9.0,10.0,14.0,64.0,1.0,24.0,19.0,11.0,29.0
47,2017-03-05,34.0,1.0,10.0,11.0,5.0,56.0,4.0,34.0,19.0,14.0,36.0
48,2017-03-06,44.0,1.0,27.0,18.0,14.0,77.0,5.0,20.0,46.0,14.0,40.0
49,2017-03-07,59.0,1.0,20.0,25.0,14.0,76.0,4.0,44.0,53.0,11.0,57.0
50,2017-03-08,52.0,1.0,21.0,33.0,9.0,57.0,5.0,36.0,38.0,8.0,43.0
51,2017-03-09,45.0,1.0,21.0,27.0,19.0,67.0,5.0,52.0,40.0,9.0,49.0
52,2017-03-10,45.0,1.0,25.0,27.0,18.0,84.0,6.0,18.0,32.0,8.0,52.0
53,2017-03-11,31.0,1.0,13.0,11.0,15.0,68.0,1.0,30.0,11.0,12.0,15.0
54,2017-03-12,26.0,1.0,1.0,15.0,11.0,59.0,2.0,19.0,22.0,10.0,21.0
55,2017-03-13,38.0,1.0,21.0,35.0,18.0,69.0,7.0,30.0,38.0,11.0,78.0
56,2017-03-14,35.0,1.0,13.0,21.0,11.0,65.0,4.0,48.0,35.0,12.0,66.0
57,2017-03-15,25.0,1.0,28.0,20.0,22.0,63.0,6.0,36.0,47.0,13.0,56.0
58,2017-03-16,27.0,1.0,25.0,31.0,16.0,64.0,6.0,48.0,42.0,10.0,50.0
59,2017-03-17,36.0,1.0,21.0,22.0,8.0,73.0,7.0,31.0,28.0,9.0,70.0
60,2017-03-18,25.0,1.0,7.0,7.0,12.0,59.0,2.0,25.0,21.0,7.0,40.0
61,2017-03-19,34.0,1.0,7.0,7.0,11.0,59.0,1.0,24.0,32.0,7.0,14.0
62,2017-03-20,52.0,1.0,18.0,21.0,11.0,69.0,8.0,21.0,39.0,15.0,64.0
63,2017-03-21,54.0,1.0,20.0,16.0,19.0,83.0,6.0,48.0,45.0,15.0,72.0
64,2017-03-22,54.0,1.0,13.0,14.0,17.0,60.0,1.0,11.0,36.0,15.0,42.0
65,2017-03-23,61.0,,23.0,33.0,11.0,65.0,2.0,59.0,21.0,9.0,50.0
66,2017-03-24,45.0,,18.0,37.0,10.0,79.0,5.0,21.0,58.0,7.0,47.0
67,2017-03-25,28.0,,6.0,2.0,10.0,69.0,3.0,30.0,16.0,9.0,13.0
68,2017-03-26,39.0,,12.0,8.0,13.0,56.0,0.0,38.0,28.0,12.0,18.0
69,2017-03-27,54.0,,24.0,24.0,8.0,76.0,7.0,20.0,55.0,21.0,58.0
70,2017-03-28,48.0,,20.0,17.0,7.0,60.0,2.0,39.0,59.0,14.0,61.0
71,2017-03-29,56.0,,13.0,26.0,17.0,61.0,5.0,59.0,49.0,21.0,49.0
72,2017-03-30,56.0,,13.0,31.0,22.0,75.0,3.0,0.0,28.0,17.0,81.0
73,2017-03-31,42.0,,19.0,18.0,12.0,69.0,8.0,13.0,40.0,13.0,63.0
74,2017-04-01,36.0,,7.0,13.0,11.0,92.0,0.0,30.0,28.0,4.0,29.0
75,2017-04-02,35.0,,4.0,5.0,5.0,53.0,9.0,67.0,32.0,12.0,21.0
76,2017-04-03,83.0,,14.0,26.0,11.0,52.0,0.0,39.0,45.0,11.0,40.0
77,2017-04-04,56.0,,23.0,22.0,18.0,52.0,5.0,32.0,31.0,18.0,89.0
78,2017-04-05,41.0,,14.0,26.0,11.0,69.0,7.0,32.0,31.0,10.0,56.0
79,2017-04-06,49.0,,8.0,38.0,10.0,67.0,3.0,20.0,42.0,9.0,53.0
80,2017-04-07,55.0,,18.0,32.0,19.0,53.0,8.0,55.0,25.0,17.0,52.0
81,2017-04-08,45.0,,9.0,5.0,6.0,56.0,3.0,69.0,20.0,9.0,21.0
82,2017-04-09,32.0,,4.0,21.0,7.0,72.0,6.0,15.0,16.0,9.0,11.0
83,2017-04-10,48.0,,12.0,33.0,18.0,73.0,5.0,26.0,49.0,12.0,50.0
84,2017-04-11,39.0,,18.0,29.0,15.0,64.0,15.0,47.0,42.0,8.0,53.0
85,2017-04-12,38.0,,20.0,20.0,12.0,63.0,13.0,21.0,40.0,10.0,56.0
86,2017-04-13,45.0,,22.0,26.0,20.0,61.0,3.0,42.0,37.0,15.0,54.0
87,2017-04-14,40.0,,15.0,13.0,11.0,68.0,6.0,15.0,40.0,12.0,49.0
88,2017-04-15,23.0,,3.0,10.0,8.0,51.0,0.0,31.0,16.0,7.0,13.0
89,2017-04-16,25.0,,6.0,3.0,8.0,69.0,3.0,0.0,20.0,6.0,32.0
90,2017-04-17,60.0,,16.0,25.0,22.0,57.0,3.0,27.0,58.0,8.0,49.0
91,2017-04-18,43.0,,33.0,22.0,13.0,82.0,2.0,39.0,55.0,17.0,40.0
92,2017-04-19,56.0,,31.0,28.0,18.0,61.0,5.0,26.0,55.0,9.0,62.0
93,2017-04-20,50.0,,20.0,36.0,22.0,67.0,3.0,53.0,45.0,19.0,64.0
94,2017-04-21,64.0,,25.0,14.0,21.0,63.0,3.0,21.0,55.0,13.0,31.0
95,2017-04-22,9.0,,9.0,23.0,6.0,62.0,3.0,15.0,24.0,7.0,26.0
96,2017-04-23,31.0,,3.0,8.0,11.0,75.0,0.0,30.0,11.0,7.0,30.0
97,2017-04-24,27.0,,15.0,20.0,15.0,52.0,10.0,32.0,28.0,5.0,45.0
98,2017-04-25,43.0,,24.0,13.0,15.0,64.0,5.0,46.0,49.0,14.0,61.0
99,2017-04-26,53.0,,15.0,26.0,26.0,62.0,0.0,64.0,28.0,10.0,55.0
100,2017-04-27,35.0,,17.0,30.0,17.0,70.0,10.0,33.0,52.0,15.0,61.0
101,2017-04-28,42.0,,5.0,21.0,17.0,78.0,8.0,27.0,32.0,10.0,68.0
102,2017-04-29,33.0,,7.0,21.0,8.0,63.0,3.0,39.0,16.0,9.0,24.0
103,2017-04-30,36.0,,2.0,10.0,22.0,57.0,0.0,31.0,24.0,20.0,32.0
104,2017-05-01,60.0,,8.0,26.0,16.0,62.0,5.0,49.0,37.0,8.0,36.0
105,2017-05-02,56.0,,24.0,24.0,34.0,35.0,5.0,20.0,41.0,17.0,33.0
106,2017-05-03,53.0,,13.0,29.0,18.0,44.0,5.0,72.0,45.0,11.0,65.0
107,2017-05-04,50.0,,14.0,13.0,15.0,58.0,7.0,33.0,45.0,17.0,56.0
108,2017-05-05,23.0,,22.0,25.0,14.0,57.0,5.0,27.0,58.0,16.0,54.0
109,2017-05-06,21.0,,20.0,5.0,6.0,55.0,0.0,53.0,16.0,7.0,34.0
110,2017-05-07,22.0,,6.0,20.0,5.0,55.0,0.0,53.0,20.0,16.0,21.0
111,2017-05-08,46.0,,4.0,15.0,26.0,62.0,2.0,20.0,31.0,6.0,64.0
112,2017-05-09,28.0,,21.0,32.0,18.0,74.0,0.0,39.0,17.0,10.0,49.0
113,2017-05-10,29.0,,20.0,24.0,25.0,70.0,0.0,20.0,38.0,8.0,81.0
114,2017-05-11,49.0,,14.0,36.0,26.0,55.0,5.0,33.0,46.0,15.0,60.0
115,2017-05-12,52.0,,18.0,27.0,12.0,62.0,10.0,27.0,15.0,10.0,42.0
116,2017-05-13,30.0,,8.0,10.0,6.0,56.0,0.0,8.0,32.0,11.0,29.0
117,2017-05-14,19.0,,0.0,10.0,6.0,62.0,0.0,7.0,28.0,12.0,37.0
118,2017-05-15,36.0,,30.0,42.0,28.0,74.0,13.0,28.0,66.0,16.0,53.0
119,2017-05-16,27.0,,18.0,46.0,20.0,71.0,19.0,42.0,55.0,11.0,70.0
120,2017-05-17,39.0,,17.0,33.0,13.0,53.0,8.0,56.0,53.0,18.0,71.0
121,2017-05-18,17.0,,11.0,19.0,13.0,77.0,8.0,42.0,37.0,5.0,68.0
122,2017-05-19,29.0,,20.0,20.0,11.0,60.0,3.0,59.0,43.0,17.0,28.0
123,2017-05-20,32.0,,3.0,11.0,4.0,75.0,6.0,8.0,43.0,6.0,20.0
124,2017-05-21,27.0,,2.0,11.0,6.0,56.0,3.0,40.0,26.0,10.0,11.0
125,2017-05-22,34.0,,18.0,23.0,25.0,73.0,8.0,64.0,63.0,10.0,46.0
126,2017-05-23,18.0,,15.0,18.0,21.0,57.0,3.0,7.0,54.0,17.0,35.0
127,2017-05-24,14.0,,15.0,29.0,11.0,74.0,3.0,14.0,49.0,13.0,45.0
128,2017-05-25,30.0,,24.0,26.0,5.0,64.0,14.0,43.0,45.0,10.0,67.0
129,2017-05-26,32.0,,13.0,26.0,17.0,63.0,12.0,54.0,20.0,5.0,47.0
130,2017-05-27,16.0,,12.0,14.0,26.0,67.0,0.0,42.0,18.0,0.0,44.0
131,2017-05-28,16.0,,5.0,11.0,7.0,74.0,0.0,8.0,18.0,6.0,29.0
132,2017-05-29,20.0,,4.0,17.0,15.0,69.0,0.0,7.0,27.0,10.0,30.0
133,2017-05-30,25.0,1.0,15.0,31.0,9.0,68.0,4.0,41.0,52.0,8.0,54.0
134,2017-05-31,18.0,1.0,16.0,31.0,22.0,62.0,1.0,30.0,36.0,12.0,60.0
135,2017-06-01,36.0,1.0,14.0,30.0,15.0,64.0,9.0,3.0,59.0,12.0,46.0
136,2017-06-02,19.0,1.0,14.0,29.0,13.0,67.0,7.0,19.0,44.0,9.0,48.0
137,2017-06-03,14.0,1.0,8.0,11.0,11.0,71.0,3.0,42.0,37.0,7.0,33.0
138,2017-06-04,18.0,1.0,6.0,15.0,12.0,55.0,3.0,37.0,14.0,12.0,18.0
139,2017-06-05,26.0,1.0,16.0,35.0,11.0,56.0,11.0,16.0,38.0,14.0,32.0
140,2017-06-06,26.0,1.0,26.0,22.0,21.0,66.0,5.0,22.0,49.0,14.0,64.0
141,2017-06-07,40.0,1.0,25.0,33.0,22.0,60.0,4.0,18.0,66.0,10.0,68.0
142,2017-06-08,32.0,1.0,27.0,33.0,20.0,63.0,8.0,29.0,47.0,7.0,61.0
143,2017-06-09,24.0,1.0,25.0,20.0,20.0,65.0,4.0,10.0,48.0,8.0,49.0
144,2017-06-10,27.0,1.0,5.0,17.0,21.0,60.0,0.0,19.0,27.0,10.0,23.0
145,2017-06-11,10.0,1.0,4.0,15.0,23.0,48.0,3.0,29.0,9.0,11.0,39.0
146,2017-06-12,23.0,1.0,19.0,33.0,28.0,61.0,10.0,22.0,57.0,9.0,55.0
147,2017-06-13,26.0,1.0,19.0,40.0,20.0,77.0,8.0,36.0,42.0,12.0,47.0
148,2017-06-14,34.0,1.0,17.0,13.0,48.0,51.0,8.0,25.0,81.0,10.0,50.0
149,2017-06-15,28.0,1.0,21.0,17.0,25.0,66.0,17.0,36.0,26.0,10.0,62.0
150,2017-06-16,20.0,1.0,22.0,20.0,40.0,60.0,6.0,34.0,32.0,11.0,39.0
151,2017-06-17,15.0,1.0,6.0,15.0,24.0,57.0,3.0,37.0,18.0,12.0,23.0
152,2017-06-18,20.0,1.0,7.0,7.0,21.0,53.0,2.0,14.0,17.0,8.0,30.0
153,2017-06-19,33.0,1.0,17.0,19.0,31.0,78.0,8.0,22.0,44.0,5.0,42.0
154,2017-06-20,23.0,1.0,15.0,28.0,28.0,64.0,7.0,28.0,56.0,12.0,43.0
155,2017-06-21,25.0,1.0,14.0,20.0,42.0,62.0,1.0,18.0,71.0,8.0,57.0
156,2017-06-22,17.0,1.0,20.0,34.0,44.0,68.0,12.0,39.0,66.0,12.0,50.0
157,2017-06-23,23.0,1.0,20.0,20.0,56.0,78.0,9.0,43.0,57.0,7.0,48.0
158,2017-06-24,15.0,1.0,7.0,8.0,33.0,65.0,5.0,31.0,23.0,15.0,18.0
159,2017-06-25,20.0,1.0,1.0,19.0,25.0,67.0,0.0,38.0,17.0,5.0,36.0
160,2017-06-26,30.0,1.0,25.0,26.0,23.0,63.0,2.0,26.0,48.0,10.0,57.0
161,2017-06-27,31.0,1.0,25.0,28.0,40.0,73.0,6.0,33.0,68.0,13.0,61.0
162,2017-06-28,34.0,1.0,21.0,28.0,54.0,65.0,4.0,16.0,60.0,15.0,35.0
163,2017-06-29,21.0,1.0,17.0,27.0,57.0,54.0,11.0,63.0,45.0,16.0,52.0
164,2017-06-30,27.0,1.0,10.0,24.0,46.0,48.0,4.0,20.0,45.0,9.0,54.0
165,2017-07-01,12.0,1.0,4.0,17.0,46.0,61.0,0.0,23.0,35.0,14.0,28.0
166,2017-07-02,19.0,1.0,4.0,11.0,38.0,66.0,0.0,26.0,17.0,8.0,24.0
167,2017-07-03,14.0,1.0,13.0,18.0,36.0,76.0,9.0,27.0,47.0,15.0,62.0
168,2017-07-04,12.0,1.0,6.0,14.0,51.0,67.0,3.0,10.0,44.0,10.0,44.0
169,2017-07-05,20.0,1.0,22.0,20.0,51.0,64.0,3.0,40.0,58.0,10.0,41.0
170,2017-07-06,19.0,1.0,22.0,11.0,42.0,66.0,4.0,44.0,55.0,9.0,65.0
171,2017-07-07,28.0,1.0,22.0,30.0,57.0,60.0,3.0,46.0,50.0,10.0,60.0
172,2017-07-08,23.0,1.0,3.0,7.0,36.0,64.0,3.0,26.0,33.0,8.0,13.0
173,2017-07-09,15.0,1.0,6.0,7.0,25.0,62.0,5.0,45.0,21.0,9.0,30.0
174,2017-07-10,35.0,1.0,21.0,25.0,47.0,69.0,6.0,23.0,42.0,9.0,51.0
175,2017-07-11,21.0,1.0,23.0,14.0,35.0,54.0,8.0,26.0,48.0,9.0,65.0
176,2017-07-12,29.0,1.0,17.0,13.0,65.0,65.0,8.0,28.0,62.0,9.0,53.0
177,2017-07-13,21.0,1.0,19.0,22.0,67.0,60.0,6.0,39.0,35.0,8.0,36.0
178,2017-07-14,26.0,1.0,15.0,28.0,51.0,49.0,7.0,56.0,51.0,19.0,59.0
179,2017-07-15,21.0,1.0,4.0,5.0,22.0,67.0,2.0,31.0,43.0,6.0,13.0
180,2017-07-16,13.0,1.0,6.0,10.0,23.0,45.0,2.0,30.0,38.0,6.0,21.0
181,2017-07-17,26.0,1.0,12.0,29.0,46.0,68.0,3.0,33.0,44.0,11.0,48.0
182,2017-07-18,36.0,1.0,25.0,23.0,43.0,68.0,4.0,13.0,44.0,8.0,55.0
183,2017-07-19,26.0,1.0,13.0,22.0,33.0,57.0,10.0,26.0,35.0,10.0,53.0
184,2017-07-20,29.0,1.0,16.0,18.0,51.0,74.0,13.0,7.0,26.0,16.0,62.0
185,2017-07-21,24.0,1.0,21.0,17.0,44.0,62.0,7.0,17.0,48.0,5.0,42.0
186,2017-07-22,16.0,1.0,4.0,19.0,37.0,61.0,0.0,23.0,34.0,9.0,28.0
187,2017-07-23,20.0,1.0,9.0,9.0,27.0,67.0,3.0,37.0,33.0,12.0,22.0
188,2017-07-24,34.0,1.0,18.0,25.0,51.0,49.0,3.0,37.0,58.0,12.0,64.0
189,2017-07-25,23.0,1.0,33.0,25.0,35.0,51.0,7.0,13.0,55.0,13.0,50.0
190,2017-07-26,28.0,1.0,23.0,29.0,48.0,58.0,9.0,29.0,38.0,8.0,53.0
191,2017-07-27,23.0,1.0,17.0,16.0,47.0,61.0,10.0,25.0,42.0,14.0,53.0
192,2017-07-28,36.0,1.0,18.0,28.0,47.0,63.0,12.0,20.0,45.0,15.0,52.0
193,2017-07-29,18.0,1.0,5.0,10.0,24.0,63.0,8.0,23.0,33.0,7.0,21.0
194,2017-07-30,18.0,1.0,4.0,7.0,27.0,66.0,0.0,41.0,9.0,16.0,36.0
195,2017-07-31,32.0,1.0,13.0,22.0,37.0,55.0,12.0,25.0,44.0,14.0,42.0
196,2017-08-01,27.0,1.0,23.0,38.0,42.0,40.0,15.0,18.0,48.0,14.0,73.0
197,2017-08-02,27.0,1.0,22.0,29.0,37.0,61.0,3.0,45.0,39.0,15.0,42.0
198,2017-08-03,26.0,1.0,21.0,19.0,21.0,57.0,7.0,45.0,56.0,12.0,67.0
199,2017-08-04,25.0,1.0,12.0,17.0,38.0,74.0,7.0,14.0,46.0,11.0,37.0
200,2017-08-05,27.0,1.0,3.0,7.0,24.0,74.0,0.0,33.0,28.0,10.0,27.0
201,2017-08-06,27.0,1.0,6.0,11.0,21.0,68.0,2.0,19.0,18.0,10.0,22.0
202,2017-08-07,25.0,1.0,19.0,13.0,36.0,76.0,7.0,22.0,43.0,33.0,57.0
203,2017-08-08,24.0,1.0,23.0,20.0,22.0,62.0,5.0,33.0,49.0,12.0,45.0
204,2017-08-09,24.0,1.0,19.0,18.0,21.0,78.0,8.0,31.0,51.0,10.0,39.0
205,2017-08-10,24.0,1.0,15.0,21.0,28.0,50.0,7.0,29.0,60.0,8.0,48.0
206,2017-08-11,30.0,1.0,11.0,19.0,27.0,54.0,4.0,29.0,49.0,8.0,50.0
207,2017-08-12,22.0,1.0,4.0,8.0,11.0,68.0,1.0,21.0,29.0,7.0,23.0
208,2017-08-13,15.0,1.0,4.0,5.0,15.0,56.0,3.0,25.0,17.0,3.0,22.0
209,2017-08-14,30.0,1.0,12.0,14.0,27.0,67.0,4.0,23.0,48.0,19.0,61.0
210,2017-08-15,32.0,1.0,15.0,26.0,29.0,53.0,4.0,17.0,48.0,13.0,49.0
211,2017-08-16,27.0,1.0,16.0,25.0,22.0,68.0,11.0,19.0,48.0,11.0,58.0
212,2017-08-17,31.0,1.0,14.0,23.0,42.0,52.0,7.0,44.0,50.0,19.0,57.0
213,2017-08-18,42.0,1.0,19.0,24.0,31.0,55.0,2.0,26.0,44.0,10.0,50.0
214,2017-08-19,19.0,1.0,3.0,5.0,9.0,57.0,0.0,18.0,16.0,14.0,30.0
215,2017-08-20,23.0,1.0,7.0,13.0,14.0,60.0,0.0,22.0,11.0,11.0,50.0
216,2017-08-21,35.0,1.0,11.0,17.0,25.0,61.0,7.0,25.0,51.0,23.0,68.0
217,2017-08-22,45.0,1.0,29.0,10.0,34.0,63.0,13.0,22.0,54.0,13.0,49.0
218,2017-08-23,49.0,1.0,24.0,14.0,34.0,54.0,8.0,18.0,35.0,9.0,40.0
219,2017-08-24,39.0,1.0,19.0,14.0,37.0,67.0,7.0,19.0,46.0,7.0,41.0
220,2017-08-25,51.0,1.0,18.0,17.0,35.0,55.0,2.0,19.0,64.0,17.0,25.0
221,2017-08-26,46.0,1.0,8.0,11.0,19.0,52.0,3.0,15.0,27.0,8.0,30.0
222,2017-08-27,49.0,1.0,8.0,0.0,22.0,56.0,0.0,6.0,13.0,10.0,25.0
223,2017-08-28,86.0,1.0,7.0,13.0,25.0,67.0,3.0,18.0,53.0,14.0,46.0
224,2017-08-29,75.0,1.0,14.0,12.0,14.0,68.0,4.0,29.0,35.0,13.0,69.0
225,2017-08-30,42.0,1.0,12.0,25.0,9.0,58.0,4.0,34.0,41.0,13.0,50.0
226,2017-08-31,73.0,1.0,18.0,18.0,21.0,68.0,4.0,47.0,43.0,9.0,52.0
227,2017-09-01,71.0,1.0,13.0,25.0,12.0,58.0,12.0,10.0,39.0,7.0,43.0
228,2017-09-02,31.0,1.0,9.0,5.0,5.0,71.0,1.0,7.0,34.0,8.0,29.0
229,2017-09-03,33.0,1.0,5.0,8.0,8.0,57.0,1.0,29.0,25.0,8.0,17.0
230,2017-09-04,28.0,1.0,6.0,12.0,15.0,62.0,6.0,36.0,38.0,6.0,38.0
231,2017-09-05,50.0,1.0,18.0,25.0,15.0,53.0,0.0,22.0,67.0,9.0,44.0
232,2017-09-06,48.0,1.0,12.0,19.0,30.0,53.0,9.0,24.0,66.0,17.0,57.0
233,2017-09-07,57.0,1.0,18.0,10.0,30.0,75.0,13.0,46.0,43.0,8.0,45.0
234,2017-09-08,46.0,,13.0,16.0,24.0,74.0,6.0,24.0,65.0,8.0,29.0
235,2017-09-09,47.0,,4.0,11.0,21.0,52.0,3.0,20.0,20.0,10.0,18.0
236,2017-09-10,44.0,,5.0,8.0,24.0,54.0,3.0,13.0,32.0,4.0,23.0
237,2017-09-11,34.0,,13.0,29.0,41.0,49.0,17.0,17.0,45.0,12.0,34.0
238,2017-09-12,47.0,,14.0,20.0,40.0,50.0,6.0,33.0,57.0,10.0,56.0
239,2017-09-13,46.0,,13.0,33.0,40.0,75.0,8.0,22.0,72.0,12.0,58.0
240,2017-09-14,47.0,,13.0,16.0,43.0,57.0,11.0,17.0,37.0,11.0,64.0
241,2017-09-15,22.0,,20.0,26.0,46.0,56.0,9.0,29.0,34.0,5.0,47.0
242,2017-09-16,42.0,,2.0,13.0,52.0,50.0,7.0,13.0,23.0,10.0,34.0
243,2017-09-17,20.0,,1.0,2.0,16.0,64.0,0.0,6.0,9.0,6.0,28.0
244,2017-09-18,48.0,,22.0,33.0,35.0,55.0,11.0,39.0,45.0,1.0,56.0
245,2017-09-19,55.0,,14.0,29.0,40.0,56.0,0.0,39.0,41.0,9.0,56.0
246,2017-09-20,49.0,,19.0,32.0,42.0,52.0,17.0,22.0,45.0,8.0,55.0
247,2017-09-21,49.0,,10.0,18.0,50.0,49.0,11.0,28.0,69.0,10.0,54.0
248,2017-09-22,57.0,,23.0,23.0,44.0,48.0,6.0,52.0,56.0,9.0,47.0
249,2017-09-23,50.0,,4.0,10.0,12.0,56.0,0.0,19.0,23.0,7.0,16.0
250,2017-09-24,45.0,,5.0,5.0,24.0,44.0,3.0,38.0,32.0,6.0,36.0
251,2017-09-25,45.0,,10.0,29.0,60.0,65.0,11.0,22.0,28.0,6.0,47.0
252,2017-09-26,42.0,,11.0,27.0,49.0,61.0,14.0,33.0,62.0,19.0,52.0
253,2017-09-27,56.0,,17.0,20.0,30.0,61.0,6.0,17.0,45.0,15.0,50.0
254,2017-09-28,16.0,,17.0,21.0,36.0,66.0,17.0,17.0,51.0,9.0,53.0
255,2017-09-29,29.0,,14.0,19.0,47.0,68.0,18.0,48.0,35.0,5.0,51.0
256,2017-09-30,33.0,,2.0,0.0,17.0,55.0,3.0,39.0,49.0,5.0,22.0
257,2017-10-01,50.0,,0.0,8.0,14.0,55.0,0.0,19.0,23.0,6.0,12.0
258,2017-10-02,60.0,,15.0,22.0,39.0,61.0,14.0,28.0,98.0,10.0,47.0
259,2017-10-03,49.0,,21.0,25.0,32.0,45.0,11.0,51.0,50.0,11.0,69.0
260,2017-10-04,44.0,,12.0,29.0,44.0,69.0,11.0,33.0,58.0,9.0,64.0
261,2017-10-05,40.0,,12.0,27.0,20.0,55.0,11.0,45.0,70.0,4.0,57.0
262,2017-10-06,45.0,,18.0,18.0,35.0,54.0,11.0,52.0,42.0,3.0,58.0
263,2017-10-07,22.0,,6.0,8.0,28.0,50.0,3.0,32.0,23.0,9.0,36.0
264,2017-10-08,50.0,,7.0,8.0,16.0,51.0,0.0,19.0,9.0,6.0,38.0
265,2017-10-09,33.0,,16.0,27.0,37.0,55.0,11.0,28.0,37.0,4.0,50.0
266,2017-10-10,50.0,,16.0,29.0,44.0,59.0,5.0,61.0,32.0,13.0,61.0
267,2017-10-11,53.0,,18.0,22.0,32.0,64.0,0.0,5.0,45.0,12.0,63.0
268,2017-10-12,38.0,,18.0,28.0,58.0,65.0,17.0,29.0,63.0,14.0,41.0
269,2017-10-13,47.0,,20.0,7.0,18.0,60.0,9.0,35.0,47.0,12.0,71.0
270,2017-10-14,62.0,,5.0,20.0,28.0,58.0,0.0,25.0,14.0,9.0,33.0
271,2017-10-15,51.0,,10.0,16.0,22.0,51.0,3.0,32.0,19.0,4.0,18.0
272,2017-10-16,48.0,,23.0,31.0,30.0,100.0,0.0,66.0,57.0,12.0,58.0
273,2017-10-17,78.0,,28.0,26.0,19.0,36.0,5.0,22.0,28.0,5.0,42.0
274,2017-10-18,39.0,,28.0,33.0,24.0,56.0,16.0,33.0,61.0,10.0,58.0
275,2017-10-19,51.0,,23.0,20.0,36.0,70.0,6.0,46.0,50.0,3.0,71.0
276,2017-10-20,33.0,,20.0,19.0,22.0,85.0,18.0,12.0,65.0,4.0,43.0
277,2017-10-21,43.0,,5.0,13.0,20.0,43.0,0.0,13.0,23.0,6.0,23.0
278,2017-10-22,36.0,,11.0,15.0,9.0,59.0,3.0,6.0,27.0,4.0,20.0
279,2017-10-23,36.0,,23.0,24.0,28.0,68.0,5.0,11.0,32.0,13.0,71.0
280,2017-10-24,58.0,,20.0,33.0,22.0,57.0,5.0,38.0,68.0,7.0,60.0
281,2017-10-25,28.0,,20.0,33.0,33.0,60.0,8.0,33.0,76.0,20.0,71.0
282,2017-10-26,50.0,,12.0,20.0,25.0,54.0,14.0,50.0,58.0,9.0,43.0
283,2017-10-27,42.0,,22.0,16.0,18.0,77.0,23.0,35.0,42.0,9.0,56.0
284,2017-10-28,48.0,,5.0,8.0,26.0,48.0,0.0,26.0,23.0,13.0,26.0
285,2017-10-29,46.0,,6.0,10.0,15.0,51.0,0.0,31.0,45.0,1.0,35.0
286,2017-10-30,46.0,,13.0,20.0,23.0,56.0,3.0,28.0,28.0,24.0,54.0
287,2017-10-31,54.0,,13.0,34.0,27.0,60.0,11.0,22.0,54.0,12.0,55.0
288,2017-11-01,45.0,,12.0,20.0,29.0,50.0,6.0,23.0,42.0,14.0,67.0
289,2017-11-02,60.0,,16.0,18.0,17.0,54.0,11.0,28.0,45.0,10.0,73.0
290,2017-11-03,55.0,,14.0,20.0,27.0,72.0,8.0,12.0,75.0,10.0,27.0
291,2017-11-04,43.0,,10.0,5.0,28.0,49.0,6.0,6.0,27.0,14.0,22.0
292,2017-11-05,30.0,,2.0,15.0,4.0,53.0,0.0,6.0,35.0,6.0,44.0
293,2017-11-06,49.0,,15.0,26.0,20.0,84.0,3.0,16.0,40.0,9.0,57.0
294,2017-11-07,36.0,,14.0,26.0,26.0,65.0,0.0,37.0,91.0,12.0,56.0
295,2017-11-08,41.0,,15.0,16.0,33.0,61.0,14.0,16.0,80.0,12.0,53.0
296,2017-11-09,55.0,,14.0,27.0,26.0,52.0,3.0,11.0,32.0,9.0,54.0
297,2017-11-10,49.0,,9.0,11.0,29.0,57.0,11.0,22.0,41.0,8.0,30.0
298,2017-11-11,52.0,,10.0,8.0,18.0,52.0,0.0,37.0,14.0,7.0,31.0
299,2017-11-12,47.0,,2.0,5.0,7.0,50.0,0.0,24.0,22.0,7.0,24.0
300,2017-11-13,57.0,,9.0,23.0,24.0,52.0,11.0,37.0,43.0,12.0,39.0
301,2017-11-14,45.0,,13.0,24.0,34.0,62.0,8.0,37.0,56.0,6.0,48.0
302,2017-11-15,32.0,1.0,9.0,17.0,25.0,61.0,8.0,32.0,30.0,16.0,41.0
303,2017-11-16,44.0,1.0,8.0,20.0,21.0,76.0,5.0,35.0,48.0,12.0,40.0
304,2017-11-17,43.0,1.0,13.0,15.0,35.0,59.0,3.0,36.0,46.0,8.0,32.0
305,2017-11-18,44.0,1.0,6.0,13.0,23.0,54.0,6.0,37.0,39.0,9.0,26.0
306,2017-11-19,48.0,1.0,6.0,3.0,15.0,42.0,0.0,19.0,31.0,11.0,15.0
307,2017-11-20,38.0,1.0,12.0,15.0,15.0,57.0,11.0,35.0,56.0,15.0,53.0
308,2017-11-21,30.0,1.0,8.0,15.0,19.0,65.0,4.0,35.0,48.0,5.0,33.0
309,2017-11-22,21.0,1.0,17.0,16.0,25.0,57.0,7.0,16.0,50.0,8.0,53.0
310,2017-11-23,14.0,1.0,6.0,16.0,20.0,60.0,0.0,7.0,19.0,6.0,29.0
311,2017-11-24,16.0,1.0,10.0,20.0,16.0,63.0,3.0,32.0,28.0,8.0,36.0
312,2017-11-25,57.0,1.0,8.0,9.0,24.0,62.0,3.0,13.0,14.0,6.0,28.0
313,2017-11-26,34.0,1.0,4.0,5.0,19.0,58.0,3.0,19.0,22.0,5.0,30.0
314,2017-11-27,70.0,1.0,15.0,25.0,24.0,68.0,8.0,11.0,47.0,11.0,55.0
315,2017-11-28,53.0,1.0,19.0,15.0,22.0,73.0,9.0,26.0,51.0,11.0,62.0
316,2017-11-29,51.0,1.0,18.0,20.0,12.0,54.0,7.0,20.0,62.0,10.0,48.0
317,2017-11-30,48.0,1.0,18.0,16.0,19.0,57.0,5.0,21.0,45.0,9.0,34.0
318,2017-12-01,48.0,1.0,22.0,20.0,35.0,74.0,4.0,36.0,61.0,13.0,59.0
319,2017-12-02,59.0,1.0,5.0,11.0,20.0,58.0,5.0,13.0,27.0,9.0,25.0
320,2017-12-03,61.0,1.0,6.0,10.0,15.0,65.0,0.0,30.0,27.0,6.0,29.0
321,2017-12-04,42.0,1.0,10.0,10.0,31.0,59.0,4.0,39.0,48.0,12.0,32.0
322,2017-12-05,56.0,1.0,13.0,27.0,23.0,62.0,8.0,23.0,39.0,7.0,62.0
323,2017-12-06,38.0,1.0,16.0,12.0,19.0,44.0,21.0,9.0,46.0,16.0,26.0
324,2017-12-07,50.0,1.0,26.0,25.0,22.0,60.0,7.0,36.0,56.0,8.0,53.0
325,2017-12-08,34.0,1.0,12.0,14.0,21.0,55.0,10.0,9.0,64.0,7.0,43.0
326,2017-12-09,74.0,1.0,5.0,8.0,14.0,51.0,3.0,35.0,26.0,9.0,23.0
327,2017-12-10,31.0,1.0,7.0,10.0,14.0,49.0,6.0,23.0,16.0,6.0,17.0
328,2017-12-11,47.0,1.0,13.0,17.0,16.0,83.0,8.0,48.0,51.0,12.0,40.0
329,2017-12-12,32.0,1.0,20.0,29.0,21.0,57.0,19.0,27.0,54.0,10.0,55.0
330,2017-12-13,37.0,1.0,16.0,28.0,20.0,45.0,9.0,39.0,38.0,14.0,44.0
331,2017-12-14,35.0,1.0,17.0,32.0,22.0,51.0,12.0,34.0,25.0,11.0,41.0
332,2017-12-15,34.0,1.0,18.0,22.0,11.0,74.0,16.0,60.0,34.0,13.0,43.0
333,2017-12-16,21.0,1.0,3.0,10.0,11.0,51.0,9.0,14.0,26.0,8.0,32.0
334,2017-12-17,18.0,1.0,6.0,4.0,11.0,51.0,2.0,21.0,18.0,7.0,20.0
335,2017-12-18,29.0,1.0,15.0,24.0,20.0,53.0,12.0,35.0,41.0,9.0,39.0
336,2017-12-19,33.0,1.0,16.0,27.0,16.0,61.0,8.0,21.0,43.0,10.0,52.0
337,2017-12-20,36.0,1.0,12.0,20.0,24.0,57.0,11.0,22.0,38.0,8.0,56.0
338,2017-12-21,27.0,1.0,15.0,23.0,24.0,51.0,9.0,35.0,43.0,13.0,43.0
339,2017-12-22,28.0,1.0,7.0,24.0,15.0,63.0,8.0,36.0,21.0,11.0,39.0
340,2017-12-23,11.0,1.0,10.0,9.0,11.0,52.0,5.0,21.0,37.0,10.0,20.0
341,2017-12-24,11.0,1.0,4.0,2.0,19.0,77.0,2.0,11.0,13.0,5.0,31.0
342,2017-12-25,16.0,1.0,8.0,8.0,22.0,56.0,2.0,35.0,23.0,10.0,16.0
343,2017-12-26,20.0,1.0,8.0,14.0,19.0,63.0,6.0,40.0,70.0,9.0,26.0
344,2017-12-27,21.0,1.0,18.0,25.0,17.0,59.0,3.0,43.0,50.0,14.0,29.0
345,2017-12-28,27.0,1.0,14.0,19.0,19.0,57.0,16.0,28.0,32.0,15.0,40.0
346,2017-12-29,16.0,1.0,12.0,10.0,19.0,67.0,4.0,16.0,48.0,8.0,53.0
347,2017-12-30,13.0,1.0,6.0,5.0,11.0,59.0,5.0,26.0,9.0,9.0,35.0
348,2017-12-31,9.0,1.0,5.0,5.0,3.0,44.0,2.0,27.0,15.0,6.0,17.0
349,2018-01-01,24.0,1.0,3.0,5.0,11.0,56.0,0.0,25.0,15.0,8.0,24.0
350,2018-01-02,33.0,1.0,19.0,16.0,29.0,61.0,14.0,47.0,75.0,16.0,50.0
351,2018-01-03,37.0,1.0,20.0,17.0,20.0,51.0,7.0,21.0,46.0,12.0,47.0
352,2018-01-04,21.0,1.0,19.0,25.0,30.0,62.0,11.0,43.0,58.0,9.0,45.0
353,2018-01-05,38.0,1.0,21.0,27.0,14.0,64.0,18.0,15.0,51.0,11.0,36.0
354,2018-01-06,23.0,1.0,10.0,12.0,13.0,63.0,9.0,40.0,34.0,9.0,30.0
355,2018-01-07,22.0,1.0,8.0,13.0,17.0,52.0,9.0,29.0,53.0,8.0,40.0
356,2018-01-08,39.0,1.0,15.0,29.0,23.0,56.0,7.0,28.0,71.0,14.0,47.0
357,2018-01-09,29.0,1.0,21.0,28.0,34.0,67.0,9.0,33.0,43.0,8.0,48.0
358,2018-01-10,33.0,1.0,27.0,22.0,23.0,60.0,16.0,35.0,65.0,9.0,64.0
359,2018-01-11,27.0,1.0,18.0,22.0,29.0,61.0,8.0,32.0,67.0,9.0,52.0
360,2018-01-12,34.0,1.0,16.0,20.0,18.0,69.0,12.0,35.0,64.0,17.0,47.0
361,2018-01-13,28.0,1.0,10.0,17.0,12.0,74.0,2.0,46.0,36.0,13.0,37.0
362,2018-01-14,29.0,1.0,8.0,12.0,19.0,64.0,2.0,22.0,50.0,15.0,27.0
363,2018-01-15,31.0,1.0,19.0,12.0,16.0,54.0,5.0,15.0,36.0,14.0,46.0
364,2018-01-16,48.0,1.0,20.0,27.0,24.0,85.0,8.0,52.0,64.0,17.0,54.0
365,2018-01-17,45.0,1.0,23.0,31.0,18.0,56.0,13.0,54.0,37.0,12.0,42.0
366,2018-01-18,42.0,1.0,16.0,35.0,23.0,65.0,15.0,35.0,46.0,9.0,52.0
367,2018-01-19,29.0,1.0,25.0,20.0,15.0,60.0,6.0,17.0,49.0,12.0,32.0
368,2018-01-20,25.0,1.0,14.0,9.0,9.0,41.0,6.0,32.0,20.0,7.0,28.0
369,2018-01-21,28.0,1.0,5.0,4.0,12.0,79.0,3.0,7.0,39.0,11.0,28.0
370,2018-01-22,51.0,1.0,18.0,23.0,27.0,59.0,15.0,57.0,58.0,11.0,44.0
371,2018-01-23,67.0,1.0,49.0,25.0,19.0,81.0,12.0,16.0,59.0,12.0,60.0
372,2018-01-24,50.0,1.0,38.0,30.0,11.0,83.0,9.0,23.0,52.0,9.0,51.0
373,2018-01-25,50.0,1.0,26.0,16.0,28.0,86.0,7.0,14.0,52.0,9.0,45.0
374,2018-01-26,36.0,1.0,24.0,33.0,25.0,83.0,44.0,29.0,74.0,11.0,43.0
375,2018-01-27,35.0,1.0,7.0,6.0,15.0,68.0,32.0,56.0,27.0,8.0,20.0
376,2018-01-28,27.0,1.0,5.0,9.0,14.0,81.0,12.0,33.0,22.0,8.0,31.0
377,2018-01-29,46.0,1.0,21.0,34.0,16.0,76.0,22.0,31.0,54.0,10.0,51.0
378,2018-01-30,59.0,1.0,23.0,48.0,23.0,90.0,24.0,28.0,43.0,19.0,53.0
379,2018-01-31,47.0,1.0,24.0,26.0,30.0,61.0,19.0,34.0,50.0,16.0,58.0
380,2018-02-01,32.0,1.0,23.0,26.0,30.0,78.0,26.0,23.0,56.0,11.0,42.0
381,2018-02-02,44.0,1.0,24.0,27.0,32.0,76.0,11.0,28.0,49.0,14.0,39.0
382,2018-02-03,40.0,1.0,10.0,6.0,25.0,57.0,2.0,20.0,13.0,7.0,37.0
383,2018-02-04,15.0,1.0,9.0,8.0,28.0,66.0,4.0,36.0,35.0,7.0,37.0
384,2018-02-05,46.0,1.0,31.0,26.0,22.0,50.0,13.0,37.0,46.0,11.0,35.0
385,2018-02-06,45.0,1.0,41.0,29.0,32.0,67.0,21.0,56.0,67.0,14.0,55.0
386,2018-02-07,37.0,1.0,25.0,30.0,15.0,53.0,14.0,36.0,48.0,12.0,38.0
387,2018-02-08,34.0,1.0,28.0,37.0,20.0,66.0,8.0,32.0,37.0,5.0,62.0
388,2018-02-09,43.0,1.0,31.0,20.0,23.0,63.0,14.0,27.0,51.0,13.0,46.0
389,2018-02-10,28.0,1.0,10.0,14.0,40.0,66.0,9.0,26.0,60.0,9.0,22.0
390,2018-02-11,30.0,1.0,10.0,7.0,29.0,47.0,3.0,41.0,15.0,5.0,29.0
391,2018-02-12,42.0,1.0,26.0,25.0,32.0,68.0,11.0,47.0,67.0,12.0,34.0
392,2018-02-13,42.0,1.0,22.0,22.0,29.0,57.0,12.0,35.0,49.0,7.0,47.0
393,2018-02-14,40.0,1.0,27.0,35.0,17.0,60.0,14.0,20.0,41.0,10.0,54.0
394,2018-02-15,37.0,1.0,25.0,27.0,17.0,53.0,20.0,23.0,52.0,12.0,71.0
395,2018-02-16,28.0,1.0,24.0,19.0,20.0,73.0,11.0,12.0,57.0,10.0,65.0
396,2018-02-17,22.0,1.0,6.0,15.0,13.0,62.0,2.0,30.0,16.0,9.0,35.0
397,2018-02-18,29.0,1.0,6.0,8.0,9.0,49.0,3.0,23.0,26.0,8.0,33.0
398,2018-02-19,43.0,1.0,10.0,20.0,12.0,60.0,7.0,20.0,37.0,11.0,49.0
399,2018-02-20,41.0,1.0,29.0,26.0,24.0,61.0,14.0,39.0,35.0,9.0,47.0
400,2018-02-21,41.0,1.0,20.0,30.0,14.0,58.0,17.0,26.0,53.0,9.0,45.0
401,2018-02-22,44.0,1.0,25.0,26.0,19.0,73.0,18.0,50.0,44.0,9.0,52.0
402,2018-02-23,35.0,1.0,22.0,24.0,34.0,79.0,16.0,51.0,46.0,12.0,36.0
403,2018-02-24,25.0,,9.0,17.0,39.0,70.0,3.0,42.0,18.0,6.0,29.0
404,2018-02-25,31.0,,5.0,8.0,5.0,83.0,6.0,35.0,9.0,7.0,26.0
405,2018-02-26,43.0,,21.0,31.0,20.0,94.0,18.0,24.0,50.0,5.0,33.0
406,2018-02-27,31.0,,13.0,19.0,36.0,67.0,15.0,25.0,46.0,10.0,60.0
407,2018-02-28,29.0,,20.0,17.0,22.0,66.0,5.0,30.0,64.0,5.0,39.0
408,2018-03-01,47.0,,29.0,21.0,47.0,49.0,10.0,37.0,61.0,9.0,51.0
409,2018-03-02,49.0,,20.0,19.0,17.0,86.0,22.0,51.0,41.0,7.0,48.0
410,2018-03-03,31.0,,7.0,12.0,20.0,77.0,3.0,28.0,17.0,7.0,23.0
411,2018-03-04,23.0,,9.0,3.0,23.0,78.0,3.0,20.0,13.0,11.0,30.0
412,2018-03-05,33.0,,20.0,19.0,20.0,80.0,7.0,42.0,49.0,9.0,30.0
413,2018-03-06,33.0,,17.0,27.0,20.0,56.0,13.0,37.0,100.0,3.0,25.0
414,2018-03-07,52.0,,20.0,16.0,15.0,66.0,5.0,49.0,58.0,10.0,48.0
415,2018-03-08,41.0,,19.0,18.0,16.0,88.0,21.0,25.0,58.0,16.0,54.0
416,2018-03-09,25.0,,9.0,24.0,45.0,80.0,11.0,45.0,57.0,22.0,44.0
417,2018-03-10,19.0,,8.0,14.0,10.0,55.0,0.0,35.0,27.0,6.0,12.0
418,2018-03-11,10.0,,6.0,12.0,13.0,57.0,0.0,28.0,26.0,6.0,21.0
419,2018-03-12,18.0,,19.0,20.0,35.0,64.0,15.0,29.0,57.0,6.0,65.0
420,2018-03-13,27.0,,19.0,15.0,11.0,84.0,10.0,30.0,50.0,20.0,70.0
421,2018-03-14,16.0,,18.0,14.0,22.0,48.0,13.0,37.0,85.0,12.0,47.0
422,2018-03-15,23.0,,17.0,21.0,32.0,52.0,8.0,12.0,70.0,12.0,61.0
423,2018-03-16,29.0,,16.0,22.0,35.0,56.0,13.0,39.0,52.0,9.0,56.0
424,2018-03-17,21.0,,10.0,5.0,21.0,82.0,3.0,35.0,53.0,9.0,28.0
425,2018-03-18,17.0,,4.0,8.0,10.0,51.0,3.0,6.0,26.0,6.0,49.0
426,2018-03-19,38.0,,22.0,21.0,27.0,67.0,10.0,12.0,42.0,10.0,35.0
427,2018-03-20,29.0,,18.0,18.0,29.0,60.0,5.0,25.0,70.0,7.0,46.0
428,2018-03-21,46.0,,13.0,16.0,27.0,76.0,5.0,37.0,46.0,15.0,50.0
429,2018-03-22,37.0,,19.0,11.0,21.0,70.0,42.0,31.0,51.0,9.0,51.0
430,2018-03-23,31.0,,18.0,11.0,33.0,52.0,22.0,26.0,40.0,16.0,39.0
431,2018-03-24,25.0,,9.0,5.0,13.0,53.0,9.0,36.0,4.0,4.0,19.0
432,2018-03-25,24.0,,2.0,11.0,11.0,59.0,6.0,42.0,45.0,9.0,43.0
433,2018-03-26,42.0,,22.0,26.0,29.0,61.0,31.0,18.0,70.0,12.0,46.0
434,2018-03-27,45.0,,18.0,21.0,20.0,51.0,18.0,31.0,47.0,12.0,42.0
435,2018-03-28,41.0,,30.0,22.0,16.0,57.0,16.0,63.0,24.0,6.0,47.0
436,2018-03-29,47.0,,16.0,22.0,29.0,62.0,22.0,33.0,25.0,13.0,60.0
437,2018-03-30,40.0,,11.0,10.0,17.0,72.0,11.0,49.0,13.0,6.0,30.0
438,2018-03-31,19.0,,4.0,9.0,19.0,58.0,3.0,36.0,27.0,13.0,22.0
439,2018-04-01,26.0,,2.0,3.0,27.0,45.0,3.0,15.0,23.0,8.0,27.0
440,2018-04-02,44.0,,18.0,28.0,26.0,64.0,22.0,92.0,54.0,12.0,47.0
441,2018-04-03,38.0,,13.0,11.0,22.0,57.0,26.0,30.0,66.0,16.0,58.0
442,2018-04-04,45.0,,19.0,16.0,18.0,74.0,18.0,43.0,50.0,18.0,62.0
443,2018-04-05,24.0,,24.0,11.0,11.0,65.0,8.0,25.0,75.0,12.0,68.0
444,2018-04-06,45.0,,17.0,26.0,20.0,50.0,17.0,27.0,50.0,17.0,69.0
445,2018-04-07,25.0,,4.0,9.0,11.0,56.0,0.0,51.0,32.0,9.0,32.0
446,2018-04-08,36.0,,5.0,10.0,10.0,58.0,0.0,35.0,18.0,5.0,19.0
447,2018-04-09,36.0,,21.0,27.0,30.0,52.0,5.0,18.0,54.0,14.0,50.0
448,2018-04-10,46.0,,20.0,9.0,29.0,70.0,21.0,55.0,50.0,18.0,60.0
449,2018-04-11,52.0,,16.0,21.0,18.0,58.0,15.0,18.0,54.0,10.0,81.0
450,2018-04-12,33.0,,22.0,12.0,21.0,56.0,13.0,68.0,43.0,18.0,61.0
451,2018-04-13,34.0,,21.0,14.0,22.0,54.0,8.0,26.0,69.0,8.0,52.0
452,2018-04-14,32.0,,5.0,5.0,13.0,70.0,9.0,50.0,41.0,5.0,39.0
453,2018-04-15,19.0,,6.0,5.0,3.0,70.0,0.0,14.0,18.0,4.0,24.0
454,2018-04-16,42.0,,19.0,6.0,11.0,59.0,10.0,18.0,58.0,15.0,41.0
455,2018-04-17,41.0,,30.0,21.0,16.0,70.0,23.0,43.0,74.0,9.0,44.0
456,2018-04-18,36.0,,18.0,26.0,21.0,71.0,11.0,38.0,59.0,12.0,57.0
457,2018-04-19,27.0,,26.0,11.0,26.0,55.0,19.0,31.0,68.0,10.0,54.0
458,2018-04-20,30.0,,13.0,10.0,36.0,70.0,14.0,19.0,16.0,13.0,68.0
459,2018-04-21,16.0,,8.0,16.0,24.0,52.0,0.0,22.0,14.0,8.0,42.0
460,2018-04-22,25.0,,1.0,5.0,24.0,50.0,12.0,7.0,50.0,6.0,36.0
461,2018-04-23,53.0,,17.0,14.0,27.0,93.0,10.0,30.0,54.0,18.0,60.0
462,2018-04-24,35.0,,15.0,21.0,7.0,59.0,3.0,36.0,53.0,9.0,66.0
463,2018-04-25,40.0,,11.0,14.0,20.0,73.0,13.0,50.0,66.0,16.0,59.0
464,2018-04-26,25.0,,11.0,14.0,23.0,57.0,13.0,31.0,63.0,7.0,38.0
465,2018-04-27,36.0,,15.0,19.0,24.0,55.0,8.0,27.0,42.0,10.0,38.0
466,2018-04-28,29.0,,9.0,9.0,16.0,57.0,6.0,29.0,32.0,12.0,20.0
467,2018-04-29,19.0,,6.0,11.0,18.0,53.0,0.0,29.0,27.0,4.0,17.0
468,2018-04-30,27.0,,17.0,13.0,16.0,79.0,8.0,13.0,68.0,10.0,41.0
469,2018-05-01,51.0,,19.0,24.0,19.0,57.0,22.0,26.0,33.0,16.0,42.0
470,2018-05-02,42.0,,29.0,8.0,16.0,52.0,8.0,25.0,62.0,16.0,52.0
471,2018-05-03,48.0,1.0,18.0,28.0,22.0,65.0,7.0,30.0,62.0,10.0,56.0
472,2018-05-04,47.0,1.0,25.0,17.0,21.0,55.0,14.0,35.0,40.0,11.0,60.0
473,2018-05-05,25.0,1.0,8.0,10.0,20.0,53.0,4.0,28.0,19.0,7.0,38.0
474,2018-05-06,23.0,1.0,7.0,5.0,11.0,49.0,3.0,11.0,17.0,6.0,22.0
475,2018-05-07,39.0,1.0,13.0,19.0,19.0,60.0,11.0,22.0,45.0,6.0,48.0
476,2018-05-08,31.0,1.0,21.0,21.0,22.0,64.0,8.0,57.0,74.0,11.0,54.0
477,2018-05-09,33.0,1.0,19.0,23.0,38.0,61.0,15.0,10.0,54.0,16.0,54.0
478,2018-05-10,32.0,1.0,22.0,19.0,26.0,67.0,11.0,37.0,49.0,12.0,60.0
479,2018-05-11,23.0,1.0,24.0,18.0,24.0,61.0,10.0,43.0,39.0,9.0,65.0
480,2018-05-12,20.0,1.0,14.0,13.0,16.0,59.0,6.0,50.0,21.0,8.0,25.0
481,2018-05-13,18.0,1.0,10.0,10.0,17.0,62.0,5.0,35.0,26.0,10.0,30.0
482,2018-05-14,27.0,1.0,13.0,20.0,25.0,69.0,15.0,34.0,79.0,14.0,39.0
483,2018-05-15,32.0,1.0,12.0,16.0,18.0,61.0,11.0,16.0,41.0,12.0,60.0
484,2018-05-16,31.0,1.0,30.0,19.0,25.0,64.0,7.0,30.0,33.0,12.0,57.0
485,2018-05-17,31.0,1.0,16.0,12.0,32.0,58.0,6.0,44.0,40.0,6.0,56.0
486,2018-05-18,27.0,1.0,19.0,14.0,12.0,61.0,12.0,36.0,37.0,14.0,50.0
487,2018-05-19,35.0,1.0,8.0,8.0,20.0,66.0,2.0,16.0,31.0,8.0,27.0
488,2018-05-20,20.0,1.0,9.0,8.0,13.0,59.0,7.0,11.0,26.0,4.0,32.0
489,2018-05-21,29.0,1.0,18.0,18.0,28.0,59.0,7.0,14.0,46.0,8.0,52.0
490,2018-05-22,31.0,1.0,23.0,22.0,27.0,68.0,15.0,20.0,66.0,11.0,44.0
491,2018-05-23,21.0,1.0,20.0,23.0,29.0,71.0,14.0,16.0,46.0,8.0,75.0
492,2018-05-24,21.0,1.0,19.0,25.0,25.0,62.0,17.0,31.0,49.0,13.0,63.0
493,2018-05-25,25.0,1.0,28.0,19.0,28.0,61.0,16.0,57.0,27.0,6.0,46.0
494,2018-05-26,21.0,1.0,15.0,9.0,19.0,61.0,9.0,20.0,21.0,5.0,18.0
495,2018-05-27,11.0,1.0,7.0,17.0,13.0,56.0,5.0,39.0,24.0,3.0,23.0
496,2018-05-28,19.0,1.0,7.0,11.0,34.0,54.0,3.0,31.0,63.0,6.0,40.0
497,2018-05-29,35.0,1.0,18.0,16.0,27.0,76.0,21.0,16.0,49.0,7.0,48.0
498,2018-05-30,22.0,1.0,21.0,13.0,17.0,53.0,21.0,42.0,43.0,5.0,61.0
499,2018-05-31,22.0,1.0,15.0,19.0,26.0,65.0,11.0,34.0,73.0,6.0,50.0
500,2018-06-01,18.0,1.0,26.0,19.0,34.0,75.0,14.0,21.0,42.0,5.0,100.0
501,2018-06-02,19.0,1.0,9.0,16.0,31.0,65.0,5.0,31.0,17.0,5.0,26.0
502,2018-06-03,16.0,1.0,7.0,7.0,14.0,67.0,0.0,38.0,52.0,3.0,28.0
503,2018-06-04,26.0,1.0,20.0,19.0,27.0,70.0,7.0,13.0,41.0,12.0,44.0
504,2018-06-05,31.0,1.0,18.0,20.0,60.0,67.0,8.0,16.0,63.0,14.0,54.0
505,2018-06-06,23.0,1.0,24.0,20.0,43.0,72.0,10.0,52.0,45.0,8.0,70.0
506,2018-06-07,34.0,1.0,23.0,13.0,46.0,72.0,10.0,58.0,54.0,8.0,51.0
507,2018-06-08,20.0,1.0,22.0,14.0,30.0,58.0,7.0,28.0,33.0,10.0,50.0
508,2018-06-09,13.0,1.0,7.0,7.0,36.0,57.0,5.0,35.0,26.0,10.0,16.0
509,2018-06-10,17.0,1.0,8.0,11.0,22.0,65.0,0.0,30.0,32.0,7.0,21.0
510,2018-06-11,23.0,1.0,27.0,22.0,34.0,62.0,19.0,26.0,70.0,16.0,68.0
511,2018-06-12,30.0,1.0,22.0,14.0,38.0,79.0,6.0,65.0,58.0,10.0,56.0
512,2018-06-13,26.0,1.0,17.0,16.0,34.0,73.0,5.0,34.0,36.0,17.0,67.0
513,2018-06-14,24.0,1.0,23.0,12.0,24.0,67.0,8.0,73.0,40.0,11.0,60.0
514,2018-06-15,24.0,1.0,24.0,14.0,18.0,59.0,13.0,13.0,37.0,11.0,55.0
515,2018-06-16,16.0,1.0,8.0,9.0,20.0,55.0,0.0,31.0,24.0,3.0,33.0
516,2018-06-17,15.0,1.0,3.0,13.0,26.0,38.0,0.0,23.0,34.0,13.0,19.0
517,2018-06-18,28.0,1.0,18.0,13.0,40.0,47.0,7.0,56.0,28.0,14.0,40.0
518,2018-06-19,28.0,1.0,25.0,17.0,36.0,60.0,5.0,29.0,64.0,11.0,58.0
519,2018-06-20,23.0,1.0,17.0,16.0,62.0,53.0,8.0,14.0,47.0,14.0,53.0
520,2018-06-21,25.0,1.0,20.0,22.0,45.0,70.0,9.0,23.0,36.0,10.0,43.0
521,2018-06-22,21.0,1.0,21.0,15.0,48.0,49.0,10.0,20.0,69.0,10.0,48.0
522,2018-06-23,11.0,1.0,6.0,19.0,27.0,61.0,6.0,41.0,15.0,5.0,24.0
523,2018-06-24,13.0,1.0,4.0,4.0,22.0,50.0,5.0,8.0,12.0,4.0,26.0
524,2018-06-25,28.0,1.0,10.0,11.0,63.0,59.0,7.0,19.0,34.0,14.0,44.0
525,2018-06-26,25.0,1.0,12.0,17.0,41.0,59.0,8.0,37.0,56.0,16.0,62.0
526,2018-06-27,31.0,1.0,14.0,19.0,47.0,42.0,9.0,49.0,39.0,10.0,57.0
527,2018-06-28,36.0,1.0,20.0,19.0,43.0,58.0,10.0,43.0,61.0,7.0,60.0
528,2018-06-29,25.0,1.0,18.0,19.0,46.0,71.0,7.0,11.0,40.0,9.0,57.0
529,2018-06-30,15.0,1.0,4.0,8.0,31.0,63.0,0.0,29.0,27.0,7.0,22.0
530,2018-07-01,15.0,1.0,4.0,4.0,40.0,51.0,2.0,12.0,13.0,4.0,24.0
531,2018-07-02,19.0,1.0,13.0,13.0,43.0,46.0,6.0,53.0,64.0,8.0,40.0
532,2018-07-03,21.0,1.0,22.0,14.0,34.0,67.0,18.0,13.0,46.0,11.0,54.0
533,2018-07-04,10.0,1.0,5.0,12.0,39.0,73.0,0.0,28.0,28.0,10.0,41.0
534,2018-07-05,22.0,1.0,9.0,15.0,60.0,65.0,4.0,6.0,54.0,8.0,52.0
535,2018-07-06,23.0,1.0,21.0,18.0,48.0,69.0,18.0,57.0,37.0,9.0,44.0
536,2018-07-07,14.0,1.0,4.0,8.0,31.0,55.0,2.0,38.0,33.0,8.0,30.0
537,2018-07-08,26.0,1.0,7.0,6.0,29.0,69.0,2.0,49.0,21.0,7.0,21.0
538,2018-07-09,39.0,1.0,18.0,21.0,67.0,82.0,14.0,45.0,85.0,16.0,52.0
539,2018-07-10,30.0,1.0,27.0,30.0,42.0,58.0,17.0,25.0,47.0,8.0,56.0
540,2018-07-11,26.0,1.0,18.0,31.0,56.0,62.0,26.0,24.0,50.0,6.0,50.0
541,2018-07-12,30.0,1.0,29.0,26.0,41.0,57.0,10.0,59.0,59.0,8.0,49.0
542,2018-07-13,30.0,1.0,40.0,27.0,34.0,58.0,7.0,25.0,37.0,19.0,44.0
543,2018-07-14,22.0,1.0,12.0,7.0,27.0,58.0,0.0,4.0,30.0,7.0,21.0
544,2018-07-15,17.0,1.0,10.0,4.0,26.0,52.0,5.0,28.0,30.0,8.0,26.0
545,2018-07-16,34.0,1.0,29.0,12.0,45.0,50.0,11.0,45.0,36.0,11.0,49.0
546,2018-07-17,40.0,1.0,38.0,22.0,38.0,60.0,13.0,14.0,55.0,8.0,54.0
547,2018-07-18,30.0,1.0,30.0,15.0,40.0,76.0,10.0,14.0,55.0,12.0,35.0
548,2018-07-19,43.0,1.0,23.0,15.0,34.0,60.0,31.0,44.0,71.0,8.0,43.0
549,2018-07-20,33.0,1.0,20.0,24.0,39.0,59.0,21.0,21.0,35.0,10.0,40.0
550,2018-07-21,18.0,1.0,6.0,7.0,35.0,69.0,8.0,39.0,33.0,8.0,36.0
551,2018-07-22,25.0,1.0,5.0,11.0,16.0,55.0,6.0,46.0,24.0,11.0,36.0
552,2018-07-23,27.0,1.0,15.0,25.0,46.0,64.0,13.0,30.0,38.0,10.0,65.0
553,2018-07-24,31.0,1.0,21.0,12.0,37.0,58.0,10.0,44.0,50.0,14.0,55.0
554,2018-07-25,24.0,1.0,29.0,16.0,43.0,57.0,17.0,44.0,49.0,12.0,48.0
555,2018-07-26,29.0,1.0,22.0,23.0,42.0,61.0,17.0,26.0,63.0,33.0,53.0
556,2018-07-27,21.0,1.0,24.0,17.0,56.0,56.0,28.0,62.0,44.0,100.0,44.0
557,2018-07-28,15.0,1.0,4.0,4.0,25.0,40.0,2.0,20.0,26.0,20.0,38.0
558,2018-07-29,21.0,1.0,7.0,4.0,25.0,52.0,5.0,43.0,31.0,10.0,19.0
559,2018-07-30,31.0,1.0,21.0,15.0,30.0,70.0,10.0,27.0,47.0,7.0,55.0
560,2018-07-31,25.0,1.0,25.0,22.0,43.0,54.0,11.0,42.0,40.0,10.0,52.0
561,2018-08-01,41.0,1.0,23.0,21.0,33.0,46.0,7.0,22.0,52.0,8.0,46.0
562,2018-08-02,29.0,1.0,29.0,32.0,37.0,63.0,12.0,48.0,52.0,8.0,53.0
563,2018-08-03,17.0,1.0,21.0,20.0,25.0,59.0,13.0,64.0,43.0,7.0,66.0
564,2018-08-04,11.0,1.0,8.0,7.0,32.0,65.0,3.0,30.0,17.0,5.0,26.0
565,2018-08-05,17.0,1.0,8.0,7.0,13.0,46.0,0.0,15.0,23.0,12.0,38.0
566,2018-08-06,33.0,1.0,26.0,18.0,37.0,62.0,23.0,66.0,63.0,10.0,42.0
567,2018-08-07,24.0,1.0,19.0,19.0,31.0,60.0,9.0,26.0,68.0,16.0,51.0
568,2018-08-08,29.0,1.0,12.0,21.0,29.0,58.0,24.0,36.0,35.0,11.0,44.0
569,2018-08-09,26.0,1.0,17.0,29.0,40.0,61.0,3.0,26.0,48.0,7.0,55.0
570,2018-08-10,31.0,1.0,15.0,25.0,32.0,60.0,12.0,14.0,52.0,14.0,46.0
571,2018-08-11,12.0,1.0,8.0,9.0,25.0,63.0,9.0,8.0,29.0,6.0,34.0
572,2018-08-12,32.0,,6.0,10.0,20.0,73.0,0.0,40.0,31.0,4.0,29.0
573,2018-08-13,36.0,,19.0,10.0,27.0,53.0,12.0,42.0,61.0,10.0,35.0
574,2018-08-14,24.0,,24.0,19.0,32.0,63.0,8.0,35.0,61.0,8.0,58.0
575,2018-08-15,32.0,,19.0,16.0,42.0,69.0,12.0,58.0,46.0,7.0,59.0
576,2018-08-16,27.0,,32.0,28.0,32.0,58.0,12.0,43.0,35.0,11.0,54.0
577,2018-08-17,21.0,,23.0,25.0,35.0,55.0,0.0,58.0,46.0,11.0,59.0
578,2018-08-18,13.0,,6.0,14.0,24.0,46.0,3.0,50.0,20.0,8.0,33.0
579,2018-08-19,29.0,,9.0,2.0,21.0,61.0,0.0,25.0,16.0,9.0,24.0
580,2018-08-20,34.0,,17.0,30.0,33.0,76.0,12.0,44.0,28.0,10.0,33.0
581,2018-08-21,41.0,,23.0,12.0,30.0,62.0,9.0,43.0,52.0,11.0,48.0
582,2018-08-22,34.0,,21.0,18.0,28.0,58.0,18.0,14.0,28.0,13.0,81.0
583,2018-08-23,35.0,,32.0,16.0,19.0,65.0,6.0,14.0,42.0,2.0,48.0
584,2018-08-24,48.0,,23.0,14.0,22.0,52.0,0.0,59.0,61.0,14.0,32.0
585,2018-08-25,54.0,,9.0,8.0,21.0,74.0,3.0,16.0,23.0,8.0,34.0
586,2018-08-26,53.0,,6.0,4.0,5.0,53.0,13.0,8.0,39.0,4.0,26.0
587,2018-08-27,73.0,,23.0,29.0,59.0,57.0,20.0,35.0,59.0,11.0,54.0
588,2018-08-28,74.0,,25.0,22.0,40.0,80.0,6.0,42.0,61.0,4.0,60.0
589,2018-08-29,65.0,,22.0,20.0,27.0,73.0,20.0,41.0,44.0,13.0,46.0
590,2018-08-30,62.0,,22.0,19.0,11.0,65.0,12.0,35.0,41.0,8.0,66.0
591,2018-08-31,60.0,,24.0,13.0,36.0,66.0,9.0,73.0,25.0,8.0,59.0
592,2018-09-01,39.0,,9.0,10.0,23.0,54.0,6.0,31.0,43.0,4.0,36.0
593,2018-09-02,25.0,,3.0,4.0,31.0,53.0,0.0,24.0,20.0,0.0,32.0
594,2018-09-03,30.0,,14.0,16.0,39.0,73.0,6.0,36.0,42.0,8.0,30.0
595,2018-09-04,40.0,,18.0,20.0,38.0,78.0,6.0,21.0,44.0,5.0,48.0
596,2018-09-05,43.0,,20.0,27.0,26.0,60.0,8.0,76.0,63.0,6.0,51.0
597,2018-09-06,63.0,,16.0,12.0,31.0,61.0,14.0,41.0,46.0,8.0,55.0
598,2018-09-07,38.0,,13.0,21.0,30.0,51.0,6.0,58.0,57.0,11.0,31.0
599,2018-09-08,51.0,,12.0,6.0,18.0,52.0,0.0,48.0,23.0,4.0,8.0
600,2018-09-09,63.0,,1.0,7.0,17.0,50.0,3.0,39.0,26.0,1.0,37.0
601,2018-09-10,47.0,,14.0,15.0,24.0,63.0,0.0,41.0,93.0,2.0,60.0
602,2018-09-11,53.0,,25.0,27.0,27.0,52.0,12.0,41.0,37.0,9.0,42.0
603,2018-09-12,51.0,,26.0,8.0,22.0,42.0,3.0,34.0,57.0,9.0,55.0
604,2018-09-13,49.0,,21.0,24.0,38.0,62.0,20.0,35.0,37.0,11.0,49.0
605,2018-09-14,53.0,,18.0,16.0,26.0,50.0,15.0,43.0,62.0,14.0,49.0
606,2018-09-15,48.0,,6.0,16.0,23.0,44.0,0.0,48.0,23.0,5.0,28.0
607,2018-09-16,45.0,,4.0,7.0,25.0,51.0,0.0,39.0,34.0,5.0,14.0
608,2018-09-17,44.0,,13.0,30.0,31.0,63.0,8.0,41.0,59.0,11.0,42.0
609,2018-09-18,41.0,,21.0,17.0,35.0,58.0,14.0,34.0,20.0,10.0,47.0
610,2018-09-19,26.0,,34.0,44.0,17.0,65.0,14.0,14.0,46.0,10.0,49.0
611,2018-09-20,42.0,,19.0,19.0,42.0,47.0,12.0,21.0,37.0,5.0,52.0
612,2018-09-21,29.0,,26.0,16.0,18.0,58.0,3.0,36.0,45.0,13.0,57.0
613,2018-09-22,45.0,,5.0,8.0,13.0,61.0,6.0,8.0,35.0,6.0,25.0
614,2018-09-23,29.0,,3.0,10.0,10.0,49.0,3.0,54.0,15.0,7.0,25.0
615,2018-09-24,38.0,,22.0,27.0,29.0,68.0,6.0,34.0,33.0,12.0,40.0
616,2018-09-25,44.0,,23.0,23.0,24.0,62.0,8.0,61.0,30.0,2.0,49.0
617,2018-09-26,44.0,,20.0,14.0,33.0,63.0,11.0,48.0,43.0,9.0,42.0
618,2018-09-27,26.0,,21.0,18.0,29.0,51.0,6.0,28.0,33.0,12.0,44.0
619,2018-09-28,40.0,,20.0,16.0,18.0,66.0,12.0,86.0,32.0,11.0,46.0
620,2018-09-29,38.0,,9.0,8.0,15.0,59.0,6.0,24.0,16.0,5.0,28.0
621,2018-09-30,19.0,,7.0,10.0,15.0,50.0,26.0,39.0,22.0,4.0,27.0
622,2018-10-01,43.0,,25.0,18.0,31.0,74.0,14.0,62.0,27.0,14.0,46.0
623,2018-10-02,44.0,,26.0,22.0,22.0,66.0,6.0,27.0,46.0,12.0,56.0
624,2018-10-03,34.0,,24.0,34.0,38.0,63.0,17.0,35.0,27.0,7.0,55.0
625,2018-10-04,38.0,,23.0,27.0,29.0,57.0,8.0,49.0,40.0,8.0,63.0
626,2018-10-05,31.0,,24.0,25.0,19.0,69.0,15.0,36.0,43.0,10.0,39.0
627,2018-10-06,50.0,,17.0,16.0,26.0,63.0,3.0,8.0,31.0,9.0,25.0
628,2018-10-07,22.0,,13.0,9.0,17.0,55.0,0.0,22.0,11.0,11.0,24.0
629,2018-10-08,17.0,,24.0,25.0,18.0,50.0,14.0,21.0,31.0,8.0,50.0
630,2018-10-09,36.0,,18.0,28.0,26.0,55.0,13.0,40.0,65.0,12.0,63.0
631,2018-10-10,39.0,,27.0,22.0,29.0,60.0,17.0,49.0,68.0,11.0,52.0
632,2018-10-11,49.0,,24.0,37.0,32.0,51.0,6.0,57.0,34.0,8.0,51.0
633,2018-10-12,54.0,,23.0,28.0,26.0,69.0,6.0,75.0,44.0,12.0,56.0
634,2018-10-13,51.0,,6.0,6.0,15.0,57.0,6.0,57.0,28.0,4.0,22.0
635,2018-10-14,30.0,,6.0,6.0,10.0,52.0,0.0,32.0,20.0,5.0,19.0
636,2018-10-15,41.0,,24.0,14.0,30.0,51.0,3.0,42.0,41.0,17.0,49.0
637,2018-10-16,51.0,,47.0,26.0,27.0,53.0,8.0,35.0,44.0,11.0,43.0
638,2018-10-17,44.0,,32.0,31.0,25.0,58.0,8.0,0.0,45.0,9.0,49.0
639,2018-10-18,48.0,,32.0,26.0,30.0,56.0,12.0,72.0,59.0,12.0,53.0
640,2018-10-19,37.0,1.0,22.0,26.0,27.0,56.0,16.0,31.0,48.0,8.0,54.0
641,2018-10-20,54.0,1.0,9.0,7.0,17.0,62.0,9.0,21.0,14.0,7.0,24.0
642,2018-10-21,44.0,1.0,7.0,15.0,21.0,57.0,8.0,32.0,9.0,7.0,36.0
643,2018-10-22,39.0,1.0,26.0,14.0,25.0,57.0,16.0,47.0,26.0,15.0,53.0
644,2018-10-23,42.0,1.0,19.0,22.0,14.0,47.0,18.0,78.0,40.0,9.0,77.0
645,2018-10-24,35.0,1.0,18.0,27.0,29.0,59.0,15.0,46.0,40.0,9.0,63.0
646,2018-10-25,37.0,1.0,16.0,23.0,23.0,62.0,20.0,30.0,37.0,15.0,40.0
647,2018-10-26,40.0,1.0,22.0,22.0,54.0,66.0,9.0,18.0,43.0,10.0,52.0
648,2018-10-27,33.0,1.0,8.0,5.0,30.0,51.0,5.0,31.0,25.0,7.0,41.0
649,2018-10-28,35.0,1.0,2.0,3.0,24.0,52.0,8.0,8.0,15.0,7.0,26.0
650,2018-10-29,43.0,1.0,16.0,26.0,22.0,55.0,8.0,47.0,47.0,12.0,54.0
651,2018-10-30,47.0,1.0,22.0,33.0,61.0,59.0,13.0,25.0,39.0,10.0,60.0
652,2018-10-31,38.0,1.0,22.0,19.0,55.0,50.0,22.0,29.0,33.0,15.0,70.0
653,2018-11-01,47.0,1.0,16.0,12.0,64.0,48.0,16.0,41.0,57.0,11.0,46.0
654,2018-11-02,36.0,1.0,18.0,14.0,50.0,72.0,29.0,42.0,46.0,10.0,51.0
655,2018-11-03,62.0,1.0,8.0,11.0,30.0,67.0,8.0,45.0,23.0,3.0,23.0
656,2018-11-04,28.0,1.0,7.0,9.0,18.0,60.0,0.0,20.0,15.0,10.0,22.0
657,2018-11-05,52.0,1.0,17.0,21.0,28.0,51.0,15.0,44.0,40.0,7.0,52.0
658,2018-11-06,59.0,1.0,21.0,13.0,39.0,38.0,10.0,57.0,43.0,8.0,59.0
659,2018-11-07,49.0,1.0,26.0,30.0,32.0,51.0,11.0,88.0,66.0,2.0,45.0
660,2018-11-08,34.0,1.0,22.0,22.0,37.0,73.0,17.0,35.0,62.0,11.0,52.0
661,2018-11-09,43.0,1.0,16.0,16.0,19.0,58.0,11.0,34.0,40.0,12.0,49.0
662,2018-11-10,49.0,1.0,6.0,5.0,24.0,56.0,7.0,24.0,26.0,9.0,22.0
663,2018-11-11,41.0,1.0,4.0,9.0,24.0,54.0,4.0,24.0,29.0,3.0,32.0
664,2018-11-12,42.0,1.0,10.0,17.0,23.0,79.0,9.0,42.0,40.0,9.0,48.0
665,2018-11-13,40.0,1.0,25.0,20.0,30.0,63.0,17.0,32.0,52.0,12.0,46.0
666,2018-11-14,45.0,1.0,19.0,24.0,31.0,59.0,9.0,50.0,44.0,16.0,45.0
667,2018-11-15,59.0,1.0,16.0,27.0,28.0,53.0,10.0,55.0,51.0,16.0,51.0
668,2018-11-16,49.0,1.0,24.0,23.0,17.0,57.0,6.0,41.0,37.0,12.0,52.0
669,2018-11-17,30.0,1.0,10.0,14.0,33.0,59.0,4.0,17.0,28.0,5.0,30.0
670,2018-11-18,37.0,1.0,5.0,7.0,14.0,55.0,4.0,41.0,39.0,6.0,24.0
671,2018-11-19,37.0,1.0,12.0,17.0,21.0,48.0,6.0,43.0,18.0,22.0,42.0
672,2018-11-20,30.0,1.0,24.0,21.0,24.0,55.0,16.0,24.0,66.0,15.0,57.0
673,2018-11-21,26.0,1.0,22.0,22.0,36.0,59.0,9.0,55.0,30.0,9.0,46.0
674,2018-11-22,12.0,1.0,13.0,9.0,26.0,58.0,2.0,40.0,24.0,5.0,51.0
675,2018-11-23,16.0,1.0,20.0,13.0,23.0,74.0,8.0,30.0,35.0,11.0,38.0
676,2018-11-24,31.0,1.0,4.0,7.0,27.0,61.0,7.0,52.0,27.0,14.0,38.0
677,2018-11-25,27.0,1.0,7.0,4.0,19.0,57.0,2.0,39.0,39.0,12.0,21.0
678,2018-11-26,46.0,1.0,20.0,15.0,16.0,57.0,7.0,27.0,58.0,10.0,53.0
679,2018-11-27,51.0,1.0,24.0,24.0,36.0,75.0,12.0,35.0,64.0,13.0,62.0
680,2018-11-28,52.0,1.0,32.0,20.0,32.0,71.0,10.0,31.0,35.0,12.0,38.0
681,2018-11-29,43.0,1.0,18.0,26.0,29.0,56.0,9.0,36.0,34.0,21.0,49.0
682,2018-11-30,46.0,1.0,26.0,20.0,23.0,64.0,5.0,32.0,60.0,8.0,45.0
683,2018-12-01,34.0,1.0,5.0,19.0,31.0,56.0,9.0,40.0,28.0,12.0,29.0
684,2018-12-02,18.0,1.0,8.0,6.0,9.0,49.0,4.0,16.0,20.0,9.0,38.0
685,2018-12-03,47.0,1.0,16.0,19.0,24.0,69.0,15.0,35.0,58.0,12.0,49.0
686,2018-12-04,53.0,1.0,26.0,24.0,26.0,51.0,6.0,43.0,47.0,8.0,52.0
687,2018-12-05,34.0,1.0,14.0,14.0,22.0,68.0,11.0,21.0,38.0,9.0,46.0
688,2018-12-06,35.0,1.0,24.0,25.0,30.0,54.0,6.0,65.0,41.0,8.0,44.0
689,2018-12-07,36.0,1.0,29.0,22.0,26.0,69.0,8.0,37.0,38.0,9.0,42.0
690,2018-12-08,41.0,1.0,4.0,5.0,15.0,69.0,4.0,13.0,24.0,7.0,17.0
691,2018-12-09,34.0,1.0,8.0,8.0,19.0,58.0,14.0,52.0,23.0,10.0,25.0
692,2018-12-10,38.0,1.0,22.0,18.0,32.0,69.0,17.0,18.0,39.0,16.0,29.0
693,2018-12-11,38.0,1.0,20.0,16.0,20.0,64.0,7.0,14.0,49.0,9.0,63.0
694,2018-12-12,35.0,1.0,20.0,18.0,15.0,52.0,2.0,33.0,26.0,16.0,47.0
695,2018-12-13,51.0,1.0,22.0,14.0,30.0,60.0,12.0,63.0,42.0,13.0,58.0
696,2018-12-14,48.0,1.0,100.0,16.0,24.0,64.0,8.0,25.0,38.0,12.0,38.0
697,2018-12-15,29.0,1.0,46.0,9.0,23.0,56.0,2.0,38.0,21.0,9.0,32.0
698,2018-12-16,46.0,1.0,16.0,8.0,12.0,61.0,4.0,46.0,25.0,10.0,32.0
699,2018-12-17,45.0,1.0,75.0,15.0,17.0,68.0,9.0,30.0,39.0,12.0,58.0
700,2018-12-18,38.0,1.0,60.0,13.0,43.0,67.0,13.0,38.0,48.0,10.0,57.0
701,2018-12-19,35.0,1.0,52.0,19.0,22.0,72.0,19.0,64.0,35.0,11.0,45.0
702,2018-12-20,24.0,1.0,48.0,19.0,21.0,51.0,18.0,49.0,32.0,10.0,40.0
703,2018-12-21,31.0,1.0,28.0,17.0,38.0,54.0,10.0,56.0,47.0,12.0,46.0
704,2018-12-22,15.0,1.0,16.0,11.0,23.0,54.0,0.0,13.0,15.0,8.0,20.0
705,2018-12-23,24.0,1.0,8.0,7.0,16.0,57.0,0.0,52.0,11.0,7.0,24.0
706,2018-12-24,15.0,1.0,24.0,6.0,24.0,58.0,4.0,30.0,33.0,7.0,29.0
707,2018-12-25,13.0,1.0,6.0,9.0,30.0,49.0,4.0,45.0,11.0,8.0,21.0
708,2018-12-26,27.0,1.0,26.0,22.0,14.0,63.0,19.0,52.0,30.0,13.0,40.0
709,2018-12-27,31.0,1.0,29.0,22.0,23.0,67.0,11.0,50.0,47.0,12.0,38.0
710,2018-12-28,26.0,1.0,26.0,14.0,29.0,49.0,5.0,29.0,36.0,16.0,29.0
711,2018-12-29,34.0,1.0,14.0,6.0,14.0,57.0,12.0,38.0,33.0,7.0,24.0
712,2018-12-30,15.0,1.0,7.0,15.0,17.0,49.0,0.0,34.0,17.0,7.0,29.0
713,2018-12-31,30.0,1.0,17.0,13.0,14.0,61.0,0.0,42.0,42.0,13.0,41.0
714,2019-01-01,26.0,1.0,10.0,4.0,20.0,45.0,2.0,53.0,22.0,4.0,21.0
715,2019-01-02,32.0,1.0,28.0,13.0,20.0,53.0,15.0,79.0,45.0,18.0,49.0
716,2019-01-03,29.0,1.0,32.0,13.0,18.0,51.0,12.0,30.0,54.0,12.0,53.0
717,2019-01-04,36.0,1.0,30.0,26.0,18.0,62.0,19.0,41.0,62.0,10.0,47.0
718,2019-01-05,32.0,1.0,9.0,3.0,16.0,62.0,10.0,25.0,18.0,10.0,34.0
719,2019-01-06,39.0,1.0,4.0,5.0,7.0,55.0,4.0,40.0,24.0,11.0,25.0
720,2019-01-07,42.0,1.0,23.0,22.0,21.0,60.0,17.0,57.0,67.0,9.0,69.0
721,2019-01-08,35.0,1.0,23.0,23.0,27.0,60.0,6.0,52.0,61.0,10.0,58.0
722,2019-01-09,35.0,1.0,20.0,13.0,30.0,67.0,12.0,32.0,59.0,11.0,57.0
723,2019-01-10,49.0,1.0,24.0,20.0,24.0,57.0,4.0,50.0,44.0,16.0,55.0
724,2019-01-11,31.0,1.0,16.0,22.0,18.0,77.0,16.0,26.0,60.0,12.0,51.0
725,2019-01-12,36.0,1.0,9.0,8.0,16.0,47.0,4.0,36.0,33.0,8.0,23.0
726,2019-01-13,29.0,1.0,5.0,5.0,13.0,53.0,5.0,35.0,25.0,10.0,14.0
727,2019-01-14,44.0,1.0,24.0,21.0,20.0,51.0,11.0,53.0,70.0,14.0,51.0
728,2019-01-15,34.0,1.0,26.0,21.0,32.0,66.0,9.0,53.0,48.0,12.0,54.0
729,2019-01-16,43.0,1.0,21.0,18.0,26.0,75.0,15.0,25.0,42.0,14.0,44.0
730,2019-01-17,43.0,1.0,26.0,12.0,11.0,64.0,9.0,53.0,53.0,12.0,45.0
731,2019-01-18,45.0,1.0,24.0,23.0,25.0,56.0,14.0,59.0,48.0,14.0,56.0
732,2019-01-19,31.0,1.0,10.0,12.0,19.0,65.0,6.0,24.0,57.0,11.0,26.0
733,2019-01-20,29.0,1.0,6.0,10.0,11.0,56.0,3.0,31.0,22.0,18.0,13.0
734,2019-01-21,31.0,1.0,14.0,16.0,20.0,61.0,9.0,32.0,52.0,12.0,40.0
735,2019-01-22,39.0,1.0,32.0,18.0,13.0,62.0,8.0,38.0,64.0,8.0,71.0
736,2019-01-23,44.0,1.0,27.0,22.0,22.0,50.0,6.0,62.0,36.0,9.0,64.0
737,2019-01-24,53.0,1.0,20.0,23.0,31.0,63.0,19.0,52.0,43.0,11.0,62.0
738,2019-01-25,45.0,1.0,20.0,14.0,11.0,39.0,64.0,33.0,63.0,16.0,43.0
739,2019-01-26,32.0,1.0,6.0,5.0,26.0,63.0,4.0,33.0,34.0,5.0,23.0
740,2019-01-27,32.0,1.0,4.0,13.0,16.0,52.0,4.0,36.0,21.0,12.0,28.0
741,2019-01-28,39.0,,21.0,28.0,20.0,65.0,25.0,14.0,51.0,12.0,53.0
742,2019-01-29,33.0,,17.0,22.0,27.0,64.0,22.0,64.0,46.0,13.0,42.0
743,2019-01-30,37.0,,27.0,23.0,35.0,64.0,19.0,28.0,21.0,7.0,78.0
744,2019-01-31,38.0,,18.0,27.0,21.0,71.0,19.0,58.0,44.0,12.0,52.0
745,2019-02-01,44.0,,19.0,23.0,17.0,58.0,23.0,37.0,56.0,15.0,50.0
746,2019-02-02,30.0,,12.0,5.0,24.0,51.0,7.0,33.0,17.0,1.0,36.0
747,2019-02-03,17.0,,1.0,3.0,14.0,34.0,3.0,16.0,16.0,8.0,50.0
748,2019-02-04,30.0,,11.0,16.0,14.0,67.0,13.0,36.0,51.0,16.0,59.0
749,2019-02-05,33.0,,21.0,24.0,23.0,48.0,16.0,94.0,70.0,12.0,61.0
750,2019-02-06,38.0,,12.0,18.0,29.0,48.0,9.0,50.0,46.0,7.0,58.0
751,2019-02-07,34.0,,21.0,22.0,12.0,70.0,19.0,100.0,61.0,13.0,37.0
752,2019-02-08,31.0,,23.0,16.0,26.0,38.0,3.0,53.0,42.0,9.0,68.0
753,2019-02-09,32.0,,11.0,10.0,23.0,56.0,11.0,57.0,29.0,11.0,21.0
754,2019-02-10,30.0,,13.0,7.0,30.0,63.0,0.0,24.0,28.0,11.0,33.0
755,2019-02-11,49.0,,10.0,16.0,33.0,57.0,15.0,56.0,53.0,7.0,55.0
756,2019-02-12,47.0,,20.0,22.0,43.0,57.0,6.0,36.0,64.0,22.0,47.0
757,2019-02-13,54.0,,25.0,23.0,22.0,57.0,25.0,42.0,43.0,17.0,62.0
758,2019-02-14,33.0,,17.0,10.0,17.0,56.0,13.0,29.0,33.0,12.0,52.0
759,2019-02-15,38.0,,23.0,14.0,27.0,73.0,17.0,76.0,31.0,17.0,52.0
760,2019-02-16,32.0,,11.0,7.0,19.0,54.0,4.0,41.0,25.0,8.0,23.0
761,2019-02-17,29.0,,6.0,9.0,10.0,68.0,0.0,49.0,17.0,11.0,25.0
762,2019-02-18,33.0,,9.0,12.0,16.0,64.0,9.0,43.0,39.0,6.0,44.0
763,2019-02-19,45.0,,25.0,15.0,22.0,57.0,9.0,43.0,50.0,12.0,79.0
764,2019-02-20,58.0,,29.0,19.0,29.0,37.0,19.0,43.0,79.0,7.0,57.0
765,2019-02-21,30.0,,20.0,15.0,31.0,57.0,12.0,57.0,50.0,10.0,64.0
766,2019-02-22,47.0,,20.0,21.0,24.0,65.0,10.0,30.0,56.0,5.0,55.0
767,2019-02-23,39.0,,8.0,4.0,28.0,54.0,4.0,33.0,12.0,10.0,21.0
768,2019-02-24,33.0,,5.0,5.0,5.0,48.0,4.0,40.0,8.0,7.0,22.0
769,2019-02-25,37.0,,13.0,20.0,8.0,69.0,0.0,77.0,78.0,17.0,64.0
770,2019-02-26,50.0,,28.0,18.0,20.0,51.0,19.0,50.0,46.0,12.0,49.0
771,2019-02-27,63.0,,18.0,16.0,18.0,58.0,21.0,14.0,72.0,11.0,77.0
772,2019-02-28,67.0,,16.0,21.0,27.0,55.0,19.0,80.0,70.0,16.0,56.0
773,2019-03-01,54.0,,21.0,14.0,35.0,45.0,16.0,30.0,57.0,15.0,47.0
774,2019-03-02,30.0,,12.0,5.0,26.0,52.0,0.0,16.0,17.0,6.0,43.0
775,2019-03-03,27.0,,4.0,10.0,3.0,50.0,4.0,41.0,20.0,6.0,34.0
776,2019-03-04,69.0,,13.0,9.0,21.0,59.0,16.0,44.0,37.0,9.0,35.0
777,2019-03-05,63.0,,15.0,7.0,19.0,58.0,10.0,51.0,45.0,15.0,39.0
778,2019-03-06,54.0,,26.0,12.0,20.0,47.0,15.0,21.0,64.0,7.0,60.0
779,2019-03-07,37.0,,23.0,3.0,23.0,63.0,6.0,44.0,71.0,10.0,60.0
780,2019-03-08,46.0,,23.0,12.0,13.0,49.0,13.0,45.0,15.0,5.0,47.0
781,2019-03-09,37.0,,6.0,5.0,17.0,67.0,0.0,34.0,17.0,10.0,23.0
782,2019-03-10,14.0,,4.0,9.0,16.0,60.0,4.0,24.0,29.0,4.0,31.0
783,2019-03-11,43.0,,26.0,15.0,21.0,56.0,16.0,43.0,55.0,14.0,56.0
784,2019-03-12,31.0,,24.0,13.0,18.0,47.0,16.0,72.0,33.0,10.0,79.0
785,2019-03-13,31.0,,16.0,19.0,29.0,62.0,19.0,50.0,69.0,13.0,58.0
786,2019-03-14,40.0,,27.0,7.0,31.0,64.0,10.0,36.0,59.0,12.0,54.0
787,2019-03-15,39.0,,21.0,21.0,17.0,58.0,19.0,52.0,15.0,12.0,66.0
788,2019-03-16,29.0,,10.0,9.0,33.0,68.0,15.0,25.0,38.0,9.0,34.0
789,2019-03-17,21.0,,8.0,5.0,19.0,54.0,7.0,25.0,25.0,10.0,31.0
790,2019-03-18,48.0,,22.0,21.0,32.0,60.0,6.0,52.0,59.0,14.0,83.0
791,2019-03-19,42.0,,17.0,12.0,33.0,53.0,12.0,35.0,43.0,16.0,70.0
792,2019-03-20,39.0,,16.0,15.0,34.0,58.0,0.0,29.0,59.0,13.0,64.0
793,2019-03-21,47.0,,19.0,18.0,26.0,53.0,26.0,82.0,26.0,12.0,72.0
794,2019-03-22,47.0,,16.0,16.0,29.0,54.0,7.0,31.0,62.0,11.0,60.0
795,2019-03-23,33.0,,8.0,7.0,10.0,62.0,4.0,33.0,42.0,3.0,49.0
796,2019-03-24,25.0,,7.0,9.0,19.0,52.0,0.0,45.0,22.0,3.0,28.0
797,2019-03-25,45.0,,20.0,21.0,25.0,64.0,19.0,22.0,51.0,11.0,70.0
798,2019-03-26,55.0,,17.0,21.0,25.0,58.0,6.0,59.0,45.0,10.0,80.0
799,2019-03-27,34.0,,18.0,23.0,25.0,75.0,13.0,44.0,52.0,15.0,74.0
800,2019-03-28,30.0,,18.0,17.0,27.0,72.0,10.0,51.0,33.0,12.0,64.0
801,2019-03-29,29.0,,22.0,29.0,22.0,55.0,14.0,62.0,20.0,12.0,53.0
802,2019-03-30,30.0,,5.0,10.0,20.0,63.0,7.0,43.0,21.0,6.0,49.0
803,2019-03-31,38.0,,6.0,10.0,7.0,50.0,0.0,0.0,33.0,12.0,34.0
804,2019-04-01,41.0,,27.0,16.0,20.0,51.0,3.0,79.0,33.0,6.0,63.0
805,2019-04-02,36.0,,26.0,19.0,12.0,48.0,19.0,43.0,25.0,7.0,58.0
806,2019-04-03,55.0,,17.0,24.0,29.0,54.0,16.0,43.0,46.0,7.0,73.0
807,2019-04-04,41.0,,23.0,16.0,16.0,58.0,6.0,7.0,29.0,12.0,72.0
808,2019-04-05,36.0,,21.0,17.0,17.0,45.0,16.0,53.0,31.0,10.0,51.0
809,2019-04-06,26.0,1.0,8.0,5.0,21.0,61.0,2.0,36.0,36.0,8.0,40.0
810,2019-04-07,28.0,1.0,3.0,13.0,16.0,41.0,0.0,28.0,40.0,11.0,35.0
811,2019-04-08,44.0,1.0,21.0,18.0,34.0,72.0,20.0,57.0,48.0,8.0,64.0
812,2019-04-09,38.0,1.0,11.0,16.0,29.0,55.0,10.0,32.0,69.0,10.0,69.0
813,2019-04-10,36.0,1.0,11.0,16.0,31.0,75.0,16.0,37.0,63.0,15.0,63.0
814,2019-04-11,48.0,1.0,22.0,13.0,24.0,49.0,16.0,38.0,57.0,13.0,52.0
815,2019-04-12,68.0,1.0,21.0,16.0,21.0,71.0,14.0,47.0,61.0,8.0,72.0
816,2019-04-13,34.0,1.0,6.0,7.0,19.0,73.0,6.0,34.0,22.0,10.0,29.0
817,2019-04-14,26.0,1.0,9.0,5.0,7.0,60.0,0.0,44.0,17.0,7.0,43.0
818,2019-04-15,64.0,1.0,19.0,13.0,19.0,67.0,13.0,44.0,58.0,13.0,48.0
819,2019-04-16,100.0,1.0,30.0,22.0,21.0,64.0,12.0,13.0,67.0,18.0,56.0
820,2019-04-17,76.0,1.0,15.0,18.0,15.0,59.0,21.0,32.0,64.0,16.0,79.0
821,2019-04-18,74.0,1.0,20.0,32.0,26.0,56.0,16.0,44.0,55.0,11.0,47.0
822,2019-04-19,36.0,1.0,13.0,16.0,12.0,46.0,16.0,30.0,51.0,9.0,64.0
823,2019-04-20,18.0,1.0,5.0,8.0,12.0,66.0,8.0,14.0,26.0,10.0,40.0
824,2019-04-21,26.0,1.0,4.0,2.0,16.0,55.0,2.0,44.0,27.0,4.0,27.0
825,2019-04-22,52.0,1.0,23.0,20.0,34.0,63.0,20.0,34.0,31.0,14.0,51.0
826,2019-04-23,52.0,1.0,15.0,14.0,17.0,50.0,16.0,25.0,55.0,12.0,70.0
827,2019-04-24,46.0,1.0,15.0,26.0,29.0,55.0,20.0,40.0,37.0,16.0,66.0
828,2019-04-25,60.0,1.0,23.0,16.0,27.0,59.0,24.0,40.0,44.0,13.0,70.0
829,2019-04-26,50.0,1.0,16.0,24.0,32.0,60.0,23.0,30.0,45.0,10.0,73.0
830,2019-04-27,22.0,1.0,6.0,10.0,15.0,49.0,2.0,36.0,31.0,7.0,29.0
831,2019-04-28,18.0,1.0,3.0,7.0,24.0,57.0,4.0,15.0,27.0,8.0,37.0
832,2019-04-29,44.0,1.0,20.0,22.0,26.0,59.0,23.0,30.0,61.0,15.0,62.0
833,2019-04-30,56.0,1.0,11.0,32.0,23.0,88.0,26.0,44.0,60.0,18.0,79.0
834,2019-05-01,58.0,1.0,23.0,14.0,20.0,66.0,8.0,62.0,58.0,13.0,54.0
835,2019-05-02,46.0,1.0,19.0,13.0,34.0,63.0,12.0,29.0,56.0,8.0,78.0
836,2019-05-03,38.0,1.0,12.0,22.0,35.0,70.0,8.0,30.0,73.0,11.0,70.0
837,2019-05-04,28.0,1.0,4.0,13.0,15.0,53.0,3.0,45.0,46.0,7.0,42.0
838,2019-05-05,16.0,1.0,5.0,12.0,16.0,62.0,10.0,11.0,22.0,6.0,22.0
839,2019-05-06,37.0,1.0,16.0,24.0,27.0,57.0,14.0,44.0,52.0,12.0,54.0
840,2019-05-07,58.0,1.0,11.0,28.0,20.0,55.0,10.0,39.0,44.0,10.0,67.0
841,2019-05-08,31.0,1.0,17.0,21.0,38.0,45.0,16.0,38.0,71.0,15.0,80.0
842,2019-05-09,37.0,1.0,15.0,16.0,32.0,65.0,12.0,34.0,35.0,9.0,62.0
843,2019-05-10,32.0,1.0,16.0,15.0,23.0,67.0,6.0,40.0,50.0,11.0,67.0
844,2019-05-11,21.0,1.0,5.0,12.0,20.0,57.0,2.0,22.0,42.0,9.0,45.0
845,2019-05-12,23.0,1.0,10.0,8.0,29.0,74.0,2.0,44.0,23.0,10.0,31.0
846,2019-05-13,27.0,1.0,15.0,22.0,29.0,60.0,10.0,49.0,67.0,15.0,56.0
847,2019-05-14,36.0,1.0,12.0,19.0,23.0,63.0,4.0,24.0,40.0,12.0,67.0
848,2019-05-15,43.0,1.0,12.0,18.0,28.0,67.0,11.0,31.0,38.0,9.0,64.0
849,2019-05-16,30.0,1.0,15.0,19.0,26.0,54.0,24.0,41.0,59.0,12.0,62.0
850,2019-05-17,42.0,1.0,19.0,21.0,24.0,61.0,6.0,23.0,58.0,9.0,60.0
851,2019-05-18,22.0,1.0,8.0,4.0,20.0,63.0,6.0,29.0,27.0,7.0,34.0
852,2019-05-19,22.0,1.0,8.0,8.0,21.0,51.0,0.0,34.0,37.0,5.0,27.0
853,2019-05-20,44.0,1.0,22.0,19.0,32.0,60.0,6.0,27.0,41.0,8.0,65.0
854,2019-05-21,33.0,1.0,16.0,11.0,24.0,65.0,12.0,48.0,51.0,11.0,82.0
855,2019-05-22,22.0,1.0,16.0,15.0,27.0,58.0,10.0,35.0,52.0,13.0,60.0
856,2019-05-23,34.0,1.0,18.0,12.0,22.0,61.0,6.0,46.0,34.0,8.0,89.0
857,2019-05-24,31.0,1.0,21.0,17.0,30.0,63.0,8.0,20.0,30.0,10.0,73.0
858,2019-05-25,16.0,1.0,5.0,8.0,23.0,40.0,8.0,33.0,26.0,4.0,34.0
859,2019-05-26,12.0,1.0,8.0,7.0,25.0,56.0,4.0,43.0,26.0,8.0,36.0
860,2019-05-27,18.0,1.0,9.0,11.0,26.0,64.0,3.0,30.0,29.0,5.0,52.0
861,2019-05-28,40.0,1.0,22.0,23.0,22.0,62.0,9.0,50.0,65.0,10.0,67.0
862,2019-05-29,32.0,1.0,34.0,22.0,24.0,68.0,10.0,37.0,40.0,9.0,67.0
863,2019-05-30,30.0,1.0,29.0,24.0,29.0,49.0,14.0,42.0,58.0,9.0,65.0
864,2019-05-31,26.0,1.0,12.0,21.0,26.0,52.0,11.0,20.0,45.0,6.0,50.0
865,2019-06-01,5.0,1.0,8.0,5.0,16.0,62.0,9.0,40.0,23.0,8.0,31.0
866,2019-06-02,16.0,1.0,4.0,5.0,19.0,61.0,5.0,38.0,17.0,8.0,31.0
867,2019-06-03,30.0,1.0,15.0,20.0,21.0,47.0,15.0,38.0,33.0,6.0,71.0
868,2019-06-04,28.0,1.0,23.0,18.0,8.0,52.0,15.0,52.0,56.0,5.0,77.0
869,2019-06-05,35.0,1.0,14.0,19.0,24.0,56.0,6.0,16.0,42.0,8.0,64.0
870,2019-06-06,36.0,1.0,15.0,19.0,17.0,63.0,14.0,34.0,48.0,8.0,64.0
871,2019-06-07,27.0,1.0,23.0,17.0,26.0,48.0,3.0,39.0,46.0,8.0,49.0
872,2019-06-08,12.0,1.0,8.0,7.0,18.0,48.0,4.0,24.0,28.0,8.0,30.0
873,2019-06-09,15.0,1.0,7.0,8.0,18.0,53.0,4.0,32.0,20.0,5.0,33.0
874,2019-06-10,30.0,1.0,19.0,21.0,29.0,51.0,3.0,30.0,70.0,12.0,79.0
875,2019-06-11,30.0,1.0,21.0,18.0,30.0,70.0,14.0,43.0,78.0,10.0,82.0
876,2019-06-12,20.0,1.0,16.0,27.0,33.0,58.0,2.0,46.0,53.0,7.0,86.0
877,2019-06-13,30.0,1.0,14.0,17.0,44.0,60.0,8.0,37.0,70.0,20.0,54.0
878,2019-06-14,14.0,1.0,15.0,22.0,37.0,58.0,4.0,36.0,41.0,10.0,60.0
879,2019-06-15,18.0,1.0,4.0,8.0,23.0,48.0,6.0,28.0,36.0,8.0,34.0
880,2019-06-16,17.0,1.0,2.0,4.0,30.0,52.0,2.0,25.0,36.0,10.0,22.0
881,2019-06-17,22.0,1.0,15.0,20.0,68.0,68.0,16.0,42.0,66.0,13.0,72.0
882,2019-06-18,28.0,1.0,15.0,27.0,44.0,74.0,10.0,28.0,61.0,14.0,70.0
883,2019-06-19,32.0,1.0,12.0,23.0,46.0,51.0,6.0,40.0,67.0,10.0,55.0
884,2019-06-20,36.0,1.0,16.0,21.0,39.0,54.0,11.0,23.0,56.0,14.0,68.0
885,2019-06-21,18.0,1.0,11.0,19.0,46.0,60.0,4.0,34.0,45.0,14.0,52.0
886,2019-06-22,12.0,1.0,6.0,19.0,22.0,43.0,2.0,11.0,33.0,10.0,23.0
887,2019-06-23,14.0,1.0,5.0,10.0,25.0,48.0,2.0,31.0,22.0,9.0,32.0
888,2019-06-24,31.0,1.0,20.0,14.0,54.0,63.0,14.0,34.0,82.0,7.0,49.0
889,2019-06-25,18.0,1.0,20.0,15.0,24.0,53.0,100.0,26.0,44.0,13.0,61.0
890,2019-06-26,28.0,1.0,25.0,29.0,34.0,63.0,64.0,54.0,43.0,11.0,82.0
891,2019-06-27,34.0,1.0,15.0,24.0,46.0,49.0,43.0,54.0,44.0,12.0,62.0
892,2019-06-28,27.0,1.0,11.0,21.0,27.0,73.0,32.0,51.0,43.0,16.0,37.0
893,2019-06-29,14.0,1.0,4.0,9.0,22.0,48.0,20.0,30.0,48.0,7.0,24.0
894,2019-06-30,18.0,1.0,6.0,7.0,27.0,52.0,8.0,28.0,20.0,6.0,26.0
895,2019-07-01,30.0,1.0,20.0,24.0,29.0,46.0,52.0,22.0,74.0,14.0,69.0
896,2019-07-02,22.0,1.0,16.0,29.0,60.0,66.0,32.0,44.0,66.0,11.0,64.0
897,2019-07-03,18.0,1.0,13.0,24.0,30.0,63.0,31.0,29.0,52.0,10.0,67.0
898,2019-07-04,14.0,1.0,7.0,18.0,33.0,50.0,14.0,17.0,39.0,9.0,51.0
899,2019-07-05,12.0,1.0,11.0,18.0,38.0,69.0,29.0,32.0,35.0,8.0,43.0
900,2019-07-06,12.0,1.0,5.0,2.0,22.0,51.0,11.0,32.0,27.0,8.0,43.0
901,2019-07-07,12.0,1.0,5.0,4.0,25.0,52.0,3.0,33.0,27.0,5.0,30.0
902,2019-07-08,24.0,1.0,18.0,16.0,41.0,51.0,12.0,53.0,77.0,11.0,74.0
903,2019-07-09,27.0,1.0,13.0,16.0,35.0,57.0,34.0,41.0,56.0,14.0,71.0
904,2019-07-10,34.0,1.0,16.0,14.0,42.0,59.0,36.0,20.0,60.0,8.0,60.0
905,2019-07-11,44.0,1.0,14.0,28.0,37.0,59.0,20.0,31.0,69.0,12.0,65.0
906,2019-07-12,47.0,1.0,36.0,27.0,38.0,67.0,18.0,59.0,46.0,18.0,71.0
907,2019-07-13,14.0,1.0,16.0,9.0,30.0,67.0,9.0,30.0,21.0,5.0,45.0
908,2019-07-14,16.0,1.0,6.0,5.0,24.0,59.0,7.0,16.0,38.0,7.0,22.0
909,2019-07-15,36.0,1.0,26.0,21.0,34.0,59.0,24.0,44.0,63.0,22.0,71.0
910,2019-07-16,27.0,,35.0,16.0,38.0,60.0,6.0,33.0,63.0,34.0,93.0
911,2019-07-17,26.0,,19.0,11.0,31.0,76.0,25.0,33.0,90.0,9.0,60.0
912,2019-07-18,51.0,,17.0,11.0,22.0,56.0,13.0,34.0,57.0,7.0,54.0
913,2019-07-19,30.0,,18.0,13.0,45.0,46.0,23.0,30.0,50.0,10.0,68.0
914,2019-07-20,13.0,,17.0,4.0,36.0,59.0,0.0,39.0,10.0,7.0,24.0
915,2019-07-21,21.0,,4.0,9.0,29.0,60.0,4.0,39.0,35.0,7.0,32.0
916,2019-07-22,32.0,,21.0,11.0,27.0,71.0,22.0,45.0,56.0,16.0,67.0
917,2019-07-23,21.0,,23.0,14.0,35.0,63.0,25.0,67.0,39.0,8.0,67.0
918,2019-07-24,26.0,,24.0,29.0,24.0,61.0,13.0,46.0,62.0,10.0,71.0
919,2019-07-25,23.0,,24.0,8.0,34.0,63.0,29.0,35.0,76.0,10.0,50.0
920,2019-07-26,24.0,,22.0,13.0,39.0,64.0,50.0,23.0,54.0,10.0,32.0
921,2019-07-27,16.0,,8.0,15.0,29.0,56.0,7.0,26.0,20.0,5.0,40.0
922,2019-07-28,22.0,,6.0,9.0,18.0,56.0,11.0,19.0,30.0,5.0,26.0
923,2019-07-29,41.0,,12.0,22.0,39.0,58.0,25.0,6.0,60.0,10.0,65.0
924,2019-07-30,35.0,,17.0,29.0,39.0,68.0,29.0,17.0,79.0,23.0,65.0
925,2019-07-31,17.0,,11.0,31.0,25.0,61.0,38.0,17.0,83.0,9.0,56.0
926,2019-08-01,31.0,,11.0,14.0,37.0,45.0,13.0,17.0,65.0,6.0,65.0
927,2019-08-02,25.0,,12.0,22.0,31.0,54.0,13.0,42.0,91.0,16.0,71.0
928,2019-08-03,10.0,,10.0,5.0,24.0,54.0,4.0,13.0,35.0,0.0,32.0
929,2019-08-04,13.0,,6.0,4.0,9.0,71.0,0.0,13.0,15.0,4.0,22.0
930,2019-08-05,23.0,,15.0,11.0,27.0,44.0,16.0,23.0,70.0,6.0,56.0
931,2019-08-06,29.0,,18.0,24.0,39.0,70.0,38.0,39.0,64.0,6.0,44.0
932,2019-08-07,32.0,,12.0,24.0,37.0,71.0,19.0,28.0,78.0,8.0,65.0
933,2019-08-08,31.0,,14.0,19.0,37.0,58.0,9.0,28.0,39.0,13.0,42.0
934,2019-08-09,24.0,,10.0,11.0,26.0,52.0,19.0,11.0,62.0,8.0,40.0
935,2019-08-10,11.0,,9.0,7.0,29.0,48.0,18.0,39.0,40.0,8.0,35.0
936,2019-08-11,29.0,,6.0,7.0,18.0,49.0,0.0,38.0,25.0,4.0,26.0
937,2019-08-12,30.0,,12.0,23.0,33.0,63.0,22.0,28.0,56.0,14.0,64.0
938,2019-08-13,25.0,,14.0,31.0,21.0,51.0,25.0,33.0,59.0,14.0,54.0
939,2019-08-14,27.0,,19.0,15.0,35.0,75.0,33.0,43.0,82.0,8.0,44.0
940,2019-08-15,23.0,,14.0,21.0,43.0,67.0,19.0,46.0,66.0,8.0,57.0
941,2019-08-16,21.0,,14.0,31.0,26.0,46.0,26.0,23.0,36.0,10.0,52.0
942,2019-08-17,13.0,,6.0,11.0,13.0,59.0,18.0,38.0,40.0,1.0,52.0
943,2019-08-18,25.0,,4.0,4.0,28.0,55.0,7.0,19.0,53.0,8.0,55.0
944,2019-08-19,31.0,,15.0,20.0,60.0,75.0,12.0,49.0,84.0,3.0,72.0
945,2019-08-20,41.0,,13.0,22.0,51.0,53.0,40.0,6.0,30.0,6.0,92.0
946,2019-08-21,35.0,,12.0,19.0,49.0,51.0,31.0,33.0,76.0,10.0,72.0
947,2019-08-22,52.0,,19.0,14.0,57.0,74.0,15.0,39.0,59.0,9.0,59.0
948,2019-08-23,31.0,,19.0,19.0,32.0,48.0,26.0,46.0,92.0,17.0,66.0
949,2019-08-24,39.0,,9.0,9.0,33.0,67.0,11.0,26.0,20.0,6.0,44.0
950,2019-08-25,44.0,,4.0,5.0,24.0,51.0,7.0,51.0,25.0,4.0,29.0
951,2019-08-26,56.0,,42.0,19.0,62.0,78.0,28.0,11.0,42.0,11.0,83.0
952,2019-08-27,69.0,,72.0,26.0,41.0,70.0,6.0,33.0,70.0,9.0,67.0
953,2019-08-28,63.0,,22.0,21.0,47.0,45.0,9.0,33.0,70.0,10.0,76.0
954,2019-08-29,51.0,,30.0,8.0,47.0,59.0,12.0,27.0,34.0,9.0,60.0
955,2019-08-30,41.0,,17.0,23.0,32.0,59.0,15.0,16.0,42.0,15.0,69.0
956,2019-08-31,24.0,,7.0,10.0,21.0,58.0,7.0,31.0,38.0,6.0,37.0
957,2019-09-01,25.0,,12.0,8.0,33.0,47.0,0.0,48.0,28.0,6.0,30.0
958,2019-09-02,28.0,,10.0,20.0,67.0,59.0,9.0,33.0,34.0,9.0,38.0
959,2019-09-03,60.0,,10.0,12.0,74.0,46.0,18.0,0.0,60.0,12.0,53.0
960,2019-09-04,39.0,,13.0,18.0,100.0,71.0,17.0,26.0,63.0,12.0,64.0
961,2019-09-05,39.0,,21.0,19.0,89.0,67.0,41.0,26.0,48.0,14.0,67.0
962,2019-09-06,36.0,,19.0,18.0,97.0,50.0,21.0,6.0,50.0,10.0,58.0
963,2019-09-07,35.0,,7.0,7.0,57.0,52.0,3.0,49.0,33.0,10.0,27.0
964,2019-09-08,28.0,,7.0,9.0,60.0,67.0,3.0,18.0,33.0,9.0,22.0
965,2019-09-09,38.0,,15.0,15.0,80.0,55.0,12.0,16.0,68.0,12.0,71.0
966,2019-09-10,41.0,,20.0,13.0,62.0,67.0,17.0,47.0,71.0,16.0,81.0
967,2019-09-11,37.0,,22.0,26.0,54.0,66.0,12.0,21.0,68.0,16.0,81.0
968,2019-09-12,50.0,,15.0,19.0,58.0,55.0,24.0,11.0,48.0,14.0,77.0
969,2019-09-13,23.0,,13.0,20.0,54.0,57.0,21.0,33.0,54.0,11.0,80.0
970,2019-09-14,36.0,,12.0,9.0,23.0,48.0,3.0,31.0,24.0,4.0,52.0
971,2019-09-15,30.0,,3.0,10.0,21.0,41.0,0.0,36.0,37.0,8.0,35.0
972,2019-09-16,49.0,,15.0,24.0,32.0,69.0,15.0,31.0,60.0,10.0,64.0
973,2019-09-17,48.0,,18.0,25.0,46.0,56.0,26.0,51.0,51.0,9.0,80.0
974,2019-09-18,41.0,,13.0,13.0,39.0,67.0,17.0,26.0,64.0,12.0,40.0
975,2019-09-19,43.0,,15.0,31.0,40.0,55.0,15.0,21.0,61.0,9.0,83.0
976,2019-09-20,31.0,,13.0,17.0,49.0,56.0,9.0,16.0,71.0,7.0,72.0
977,2019-09-21,40.0,,10.0,5.0,35.0,62.0,7.0,18.0,9.0,7.0,27.0
978,2019-09-22,28.0,,5.0,8.0,34.0,59.0,7.0,18.0,23.0,6.0,22.0
979,2019-09-23,40.0,,11.0,10.0,51.0,52.0,12.0,21.0,75.0,20.0,70.0
980,2019-09-24,45.0,,15.0,12.0,30.0,41.0,20.0,31.0,36.0,9.0,68.0
981,2019-09-25,40.0,,23.0,26.0,49.0,63.0,17.0,31.0,50.0,9.0,39.0
982,2019-09-26,53.0,,14.0,18.0,49.0,69.0,27.0,11.0,49.0,10.0,77.0
983,2019-09-27,44.0,,19.0,9.0,37.0,86.0,30.0,33.0,38.0,14.0,63.0
984,2019-09-28,27.0,,0.0,10.0,27.0,62.0,7.0,36.0,33.0,8.0,42.0
985,2019-09-29,30.0,,4.0,10.0,31.0,64.0,0.0,12.0,45.0,10.0,32.0
986,2019-09-30,46.0,,15.0,12.0,42.0,54.0,24.0,11.0,48.0,13.0,64.0
987,2019-10-01,39.0,,16.0,15.0,41.0,63.0,6.0,21.0,36.0,8.0,63.0
988,2019-10-02,46.0,,24.0,19.0,44.0,56.0,9.0,16.0,62.0,12.0,63.0
989,2019-10-03,30.0,,16.0,22.0,36.0,55.0,18.0,32.0,41.0,10.0,67.0
990,2019-10-04,47.0,,12.0,9.0,42.0,60.0,22.0,33.0,67.0,10.0,81.0
991,2019-10-05,57.0,,6.0,3.0,33.0,41.0,10.0,18.0,24.0,7.0,27.0
992,2019-10-06,35.0,,5.0,2.0,38.0,57.0,7.0,41.0,49.0,12.0,22.0
993,2019-10-07,53.0,,20.0,21.0,40.0,56.0,18.0,16.0,68.0,11.0,63.0
994,2019-10-08,42.0,,8.0,12.0,36.0,60.0,9.0,26.0,52.0,14.0,67.0
995,2019-10-09,42.0,,33.0,21.0,47.0,60.0,18.0,32.0,65.0,13.0,65.0
996,2019-10-10,42.0,,16.0,31.0,31.0,62.0,26.0,21.0,44.0,5.0,86.0
997,2019-10-11,24.0,,23.0,17.0,37.0,57.0,15.0,27.0,58.0,16.0,66.0
998,2019-10-12,33.0,,6.0,7.0,56.0,63.0,7.0,24.0,32.0,2.0,42.0
999,2019-10-13,28.0,,10.0,12.0,35.0,57.0,3.0,36.0,23.0,5.0,32.0
1000,2019-10-14,22.0,,14.0,19.0,33.0,51.0,18.0,26.0,73.0,10.0,69.0
1001,2019-10-15,61.0,,27.0,19.0,45.0,41.0,26.0,21.0,55.0,6.0,58.0
1002,2019-10-16,47.0,,19.0,9.0,30.0,71.0,15.0,42.0,72.0,12.0,51.0
1003,2019-10-17,43.0,,22.0,10.0,23.0,63.0,18.0,42.0,56.0,6.0,89.0
1004,2019-10-18,33.0,,43.0,23.0,29.0,65.0,34.0,16.0,63.0,12.0,78.0
1005,2019-10-19,32.0,,14.0,10.0,65.0,58.0,0.0,0.0,37.0,2.0,27.0
1006,2019-10-20,29.0,,12.0,2.0,32.0,55.0,0.0,23.0,37.0,5.0,36.0
1007,2019-10-21,33.0,,41.0,29.0,36.0,55.0,17.0,31.0,85.0,9.0,66.0
1008,2019-10-22,32.0,,22.0,17.0,41.0,70.0,19.0,40.0,45.0,15.0,79.0
1009,2019-10-23,28.0,,26.0,15.0,46.0,57.0,6.0,47.0,55.0,6.0,75.0
1010,2019-10-24,40.0,,22.0,26.0,46.0,62.0,15.0,21.0,47.0,8.0,55.0
1011,2019-10-25,36.0,,19.0,26.0,30.0,58.0,24.0,54.0,58.0,13.0,62.0
1012,2019-10-26,36.0,,6.0,10.0,83.0,67.0,3.0,6.0,33.0,5.0,35.0
1013,2019-10-27,31.0,,11.0,7.0,28.0,71.0,3.0,23.0,36.0,6.0,29.0
1014,2019-10-28,37.0,,17.0,23.0,32.0,53.0,20.0,41.0,59.0,11.0,65.0
1015,2019-10-29,44.0,,24.0,37.0,21.0,72.0,26.0,42.0,43.0,9.0,53.0
1016,2019-10-30,34.0,,30.0,26.0,39.0,56.0,26.0,21.0,43.0,19.0,52.0
1017,2019-10-31,24.0,,24.0,15.0,28.0,46.0,21.0,38.0,61.0,12.0,65.0
1018,2019-11-01,30.0,,21.0,23.0,36.0,75.0,34.0,28.0,50.0,7.0,64.0
1019,2019-11-02,58.0,,14.0,18.0,56.0,41.0,3.0,35.0,13.0,12.0,23.0
1020,2019-11-03,27.0,,10.0,8.0,10.0,60.0,23.0,29.0,36.0,5.0,31.0
1021,2019-11-04,57.0,,17.0,19.0,41.0,72.0,23.0,26.0,68.0,12.0,60.0
1022,2019-11-05,46.0,,19.0,26.0,32.0,76.0,23.0,21.0,99.0,13.0,60.0
1023,2019-11-06,29.0,,12.0,26.0,23.0,63.0,23.0,46.0,75.0,14.0,59.0
1024,2019-11-07,42.0,,19.0,17.0,34.0,68.0,20.0,46.0,79.0,11.0,68.0
1025,2019-11-08,36.0,,14.0,12.0,33.0,56.0,42.0,21.0,70.0,15.0,42.0
1026,2019-11-09,29.0,,5.0,100.0,22.0,62.0,10.0,29.0,27.0,4.0,29.0
1027,2019-11-10,34.0,,9.0,10.0,14.0,50.0,3.0,28.0,13.0,13.0,33.0
1028,2019-11-11,40.0,,17.0,15.0,23.0,75.0,14.0,16.0,47.0,2.0,60.0
1029,2019-11-12,35.0,,14.0,20.0,32.0,74.0,49.0,31.0,78.0,6.0,61.0
1030,2019-11-13,36.0,,14.0,37.0,26.0,67.0,34.0,10.0,50.0,12.0,42.0
1031,2019-11-14,33.0,,27.0,21.0,30.0,71.0,14.0,45.0,62.0,7.0,39.0
1032,2019-11-15,43.0,,21.0,18.0,43.0,71.0,36.0,21.0,42.0,15.0,42.0
1033,2019-11-16,43.0,,12.0,10.0,27.0,56.0,10.0,18.0,14.0,14.0,35.0
1034,2019-11-17,41.0,,13.0,15.0,20.0,72.0,7.0,36.0,54.0,6.0,24.0
1035,2019-11-18,66.0,,14.0,16.0,25.0,69.0,31.0,31.0,66.0,11.0,76.0
1036,2019-11-19,38.0,,14.0,27.0,30.0,66.0,20.0,21.0,58.0,8.0,74.0
1037,2019-11-20,41.0,,18.0,22.0,18.0,53.0,15.0,26.0,81.0,11.0,65.0
1038,2019-11-21,44.0,,21.0,24.0,30.0,66.0,26.0,26.0,64.0,5.0,51.0
1039,2019-11-22,42.0,,16.0,29.0,15.0,57.0,6.0,27.0,71.0,11.0,53.0
1040,2019-11-23,55.0,,6.0,7.0,18.0,69.0,7.0,29.0,18.0,3.0,38.0
1041,2019-11-24,44.0,,1.0,8.0,14.0,48.0,3.0,17.0,18.0,7.0,28.0
1042,2019-11-25,49.0,,17.0,20.0,23.0,62.0,20.0,31.0,51.0,11.0,75.0
1043,2019-11-26,29.0,,12.0,13.0,23.0,68.0,17.0,16.0,40.0,11.0,50.0
1044,2019-11-27,22.0,,17.0,17.0,18.0,63.0,14.0,21.0,55.0,9.0,42.0
1045,2019-11-28,16.0,,5.0,21.0,11.0,76.0,0.0,26.0,24.0,4.0,63.0
1046,2019-11-29,21.0,,9.0,8.0,28.0,61.0,6.0,16.0,17.0,8.0,62.0
1047,2019-11-30,14.0,,1.0,10.0,18.0,78.0,3.0,18.0,18.0,5.0,36.0
1048,2019-12-01,22.0,,6.0,5.0,17.0,65.0,13.0,11.0,51.0,7.0,64.0
1049,2019-12-02,46.0,,13.0,10.0,38.0,82.0,14.0,20.0,73.0,10.0,48.0
1050,2019-12-03,39.0,,17.0,22.0,25.0,63.0,9.0,31.0,36.0,10.0,36.0
1051,2019-12-04,40.0,,17.0,23.0,41.0,52.0,14.0,11.0,75.0,10.0,75.0
1052,2019-12-05,40.0,,15.0,3.0,25.0,50.0,12.0,31.0,48.0,9.0,56.0
1053,2019-12-06,47.0,,7.0,20.0,17.0,59.0,15.0,16.0,75.0,9.0,45.0
1054,2019-12-07,28.0,,6.0,10.0,23.0,54.0,10.0,18.0,23.0,2.0,35.0
1055,2019-12-08,16.0,,6.0,7.0,22.0,63.0,3.0,18.0,14.0,6.0,35.0
1056,2019-12-09,39.0,,17.0,12.0,31.0,53.0,32.0,16.0,88.0,6.0,56.0
1057,2019-12-10,30.0,,19.0,28.0,24.0,55.0,27.0,26.0,73.0,6.0,57.0
1058,2019-12-11,36.0,,14.0,22.0,20.0,65.0,29.0,21.0,71.0,11.0,55.0
1059,2019-12-12,30.0,,22.0,33.0,16.0,63.0,12.0,11.0,80.0,14.0,43.0
1060,2019-12-13,35.0,,13.0,26.0,30.0,50.0,9.0,33.0,88.0,10.0,45.0
1061,2019-12-14,19.0,,5.0,3.0,22.0,66.0,7.0,12.0,28.0,6.0,35.0
1062,2019-12-15,30.0,,1.0,11.0,22.0,71.0,6.0,17.0,57.0,4.0,5.0
1063,2019-12-16,38.0,,9.0,25.0,29.0,56.0,18.0,31.0,40.0,13.0,51.0
1064,2019-12-17,29.0,,20.0,28.0,22.0,51.0,18.0,42.0,48.0,11.0,39.0
1065,2019-12-18,26.0,,19.0,23.0,28.0,55.0,3.0,36.0,71.0,6.0,53.0
1066,2019-12-19,27.0,,19.0,20.0,7.0,72.0,15.0,33.0,49.0,10.0,56.0
1067,2019-12-20,28.0,,20.0,18.0,29.0,88.0,25.0,40.0,60.0,6.0,37.0
1068,2019-12-21,12.0,,6.0,12.0,21.0,56.0,3.0,18.0,23.0,11.0,10.0
1069,2019-12-22,12.0,,5.0,10.0,18.0,44.0,3.0,24.0,14.0,7.0,22.0
1070,2019-12-23,18.0,,15.0,19.0,19.0,49.0,44.0,39.0,86.0,13.0,35.0
1071,2019-12-24,14.0,,12.0,17.0,23.0,38.0,20.0,12.0,70.0,13.0,40.0
1072,2019-12-25,10.0,,2.0,13.0,20.0,56.0,0.0,19.0,35.0,8.0,22.0
1073,2019-12-26,13.0,,12.0,15.0,41.0,63.0,19.0,46.0,40.0,8.0,43.0
1074,2019-12-27,20.0,,9.0,22.0,19.0,60.0,3.0,34.0,74.0,10.0,37.0
1075,2019-12-28,19.0,,12.0,3.0,24.0,46.0,23.0,30.0,37.0,6.0,27.0
1076,2019-12-29,21.0,,3.0,8.0,27.0,65.0,7.0,12.0,28.0,2.0,20.0
1077,2019-12-30,21.0,,15.0,9.0,40.0,60.0,3.0,6.0,68.0,7.0,66.0
1078,2019-12-31,28.0,,11.0,20.0,41.0,50.0,13.0,30.0,37.0,8.0,49.0
