,Date, Open, High, Low, Close
0,12/31/19,1184.63,1188.2,1188.2,1188.2
1,12/30/19,1192.4,1184.66,1184.66,1184.66
2,12/27/19,1191.74,1192.49,1192.49,1192.49
3,12/26/19,1192.84,1191.73,1191.73,1191.73
4,12/24/19,1194.34,1193.14,1193.14,1193.14
5,12/23/19,1190.47,1194.33,1194.33,1194.33
6,12/20/19,1181.3,1190.45,1190.45,1190.45
7,12/19/19,1176.73,1181.27,1181.27,1181.27
8,12/18/19,1175.29,1176.7,1176.7,1176.7
9,12/17/19,1176.3,1175.27,1175.27,1175.27
10,12/16/19,1163.83,1176.3,1176.3,1176.3
11,12/13/19,1164.58,1163.7,1163.7,1163.7
12,12/12/19,1154.54,1165.0,1165.0,1165.0
13,12/11/19,1152.88,1154.8,1154.8,1154.8
14,12/10/19,1151.19,1152.89,1152.89,1152.89
15,12/09/19,1159.04,1151.2,1151.2,1151.2
16,12/06/19,1151.79,1159.11,1159.11,1159.11
17,12/05/19,1151.66,1152.01,1152.01,1152.01
18,12/04/19,1141.25,1151.67,1151.67,1151.67
19,12/03/19,1143.64,1141.25,1141.25,1141.25
20,12/02/19,1148.71,1143.63,1143.63,1143.63
21,11/29/19,1152.63,1148.69,1148.69,1148.69
22,11/27/19,1147.23,1152.73,1152.73,1152.73
23,11/26/19,1147.97,1147.21,1147.21,1147.21
24,11/25/19,1135.11,1147.99,1147.99,1147.99
25,11/22/19,1131.36,1135.88,1135.88,1135.88
26,11/21/19,1128.91,1131.35,1131.35,1131.35
27,11/20/19,1129.83,1128.87,1128.87,1128.87
28,11/19/19,1122.49,1129.84,1129.84,1129.84
29,11/18/19,1126.82,1122.5,1122.5,1122.5
30,11/15/19,1102.48,1126.75,1126.75,1126.75
31,11/14/19,1102.66,1102.38,1102.38,1102.38
32,11/13/19,1101.95,1103.19,1103.19,1103.19
33,11/12/19,1095.55,1101.98,1101.98,1101.98
34,11/11/19,1100.15,1095.63,1095.63,1095.63
35,11/08/19,1091.46,1100.18,1100.18,1100.18
36,11/07/19,1089.27,1091.46,1091.46,1091.46
37,11/06/19,1083.83,1089.91,1089.91,1089.91
38,11/05/19,1093.93,1083.84,1083.84,1083.84
39,11/04/19,1097.48,1093.62,1093.62,1093.62
40,11/01/19,1095.73,1097.41,1097.41,1097.41
41,10/31/19,1096.85,1095.58,1095.58,1095.58
42,10/30/19,1088.59,1097.02,1097.02,1097.02
43,10/29/19,1075.94,1088.55,1088.55,1088.55
44,10/28/19,1065.02,1076.07,1076.07,1076.07
45,10/25/19,1062.98,1065.01,1065.01,1065.01
46,10/24/19,1069.78,1062.95,1062.95,1062.95
47,10/23/19,1062.4,1069.33,1069.33,1069.33
48,10/22/19,1061.08,1062.67,1062.67,1062.67
49,10/21/19,1061.62,1060.84,1060.84,1060.84
50,10/18/19,1065.21,1061.63,1061.63,1061.63
51,10/17/19,1057.22,1065.21,1065.21,1065.21
52,10/16/19,1058.47,1057.2,1057.2,1057.2
53,10/15/19,1040.18,1058.45,1058.45,1058.45
54,10/14/19,1040.56,1040.14,1040.14,1040.14
55,10/11/19,1031.74,1040.49,1040.49,1040.49
56,10/10/19,1026.95,1032.22,1032.22,1032.22
57,10/09/19,1019.98,1026.94,1026.94,1026.94
58,10/08/19,1038.94,1019.95,1019.95,1019.95
59,10/07/19,1043.43,1038.97,1038.97,1038.97
60,10/04/19,1027.16,1043.45,1043.45,1043.45
61,10/03/19,1017.35,1027.12,1027.12,1027.12
62,10/02/19,1033.26,1017.63,1017.63,1017.63
63,10/01/19,1043.36,1033.33,1033.33,1033.33
64,09/30/19,1034.1,1043.37,1043.37,1043.37
65,09/27/19,1038.42,1034.11,1034.11,1034.11
66,09/26/19,1044.78,1038.47,1038.47,1038.47
67,09/25/19,1050.1,1045.04,1045.04,1045.04
68,09/24/19,1059.7,1050.1,1050.1,1050.1
69,09/23/19,1066.18,1059.7,1059.7,1059.7
70,09/20/19,1059.78,1066.2,1066.2,1066.2
71,09/19/19,1054.96,1059.81,1059.81,1059.81
72,09/18/19,1054.8,1054.84,1054.84,1054.84
73,09/17/19,1053.26,1054.78,1054.78,1054.78
74,09/16/19,1055.6,1053.26,1053.26,1053.26
75,09/13/19,1055.69,1055.71,1055.71,1055.71
76,09/12/19,1057.58,1056.44,1056.44,1056.44
77,09/11/19,1047.14,1057.71,1057.71,1057.71
78,09/10/19,1044.04,1047.12,1047.12,1047.12
79,09/09/19,1053.66,1044.07,1044.07,1044.07
80,09/06/19,1050.43,1053.74,1053.74,1053.74
81,09/05/19,1040.51,1050.46,1050.46,1050.46
82,09/04/19,1040.23,1040.31,1040.31,1040.31
83,09/03/19,1046.52,1040.16,1040.16,1040.16
84,08/30/19,1044.3,1046.74,1046.74,1046.74
85,08/29/19,1037.25,1045.0,1045.0,1045.0
86,08/28/19,1029.72,1037.01,1037.01,1037.01
87,08/27/19,1035.62,1029.73,1029.73,1029.73
88,08/26/19,1024.68,1035.41,1035.41,1035.41
89,08/23/19,1049.73,1025.47,1025.47,1025.47
90,08/22/19,1054.99,1049.81,1049.81,1049.81
91,08/21/19,1047.17,1054.96,1054.96,1054.96
92,08/20/19,1056.14,1047.12,1047.12,1047.12
93,08/19/19,1045.91,1056.18,1056.18,1056.18
94,08/16/19,1033.5,1045.86,1045.86,1045.86
95,08/15/19,1029.94,1033.52,1033.52,1033.52
96,08/14/19,1059.24,1029.94,1029.94,1029.94
97,08/13/19,1046.47,1059.98,1059.98,1059.98
98,08/12/19,1056.96,1046.29,1046.29,1046.49
99,08/09/19,1055.18,1057.12,1057.12,1057.12
100,08/08/19,1040.96,1055.21,1055.21,1055.21
101,08/07/19,1041.01,1040.86,1040.86,1040.86
102,08/06/19,1028.16,1041.18,1041.18,1041.18
103,08/05/19,1052.63,1028.13,1028.13,1028.13
104,08/02/19,1055.07,1052.76,1052.76,1052.76
105,08/01/19,1053.41,1055.1,1055.1,1055.1
106,07/31/19,1064.48,1054.04,1054.04,1054.04
107,07/30/19,1069.12,1064.57,1064.57,1064.57
108,07/29/19,1064.84,1069.15,1069.15,1069.15
109,07/26/19,1060.47,1064.81,1064.81,1064.81
110,07/25/19,1066.11,1060.39,1060.39,1060.39
111,07/24/19,1065.77,1066.28,1066.28,1066.28
112,07/23/19,1059.4,1065.93,1065.93,1065.93
113,07/22/19,1061.05,1059.39,1059.39,1059.39
114,07/19/19,1072.53,1061.01,1061.01,1061.01
115,07/18/19,1066.59,1072.41,1072.41,1072.41
116,07/17/19,1066.37,1066.6,1066.6,1066.6
117,07/16/19,1071.8,1066.4,1066.4,1066.4
118,07/15/19,1069.55,1071.79,1071.79,1071.79
119,07/12/19,1081.65,1069.57,1069.57,1069.57
120,07/11/19,1082.18,1082.31,1082.31,1082.31
121,07/10/19,1078.32,1082.1,1082.1,1082.1
122,07/09/19,1076.83,1078.19,1078.19,1078.19
123,07/08/19,1085.03,1077.0,1077.0,1077.0
124,07/05/19,1092.79,1085.09,1085.09,1085.09
125,07/03/19,1083.12,1093.05,1093.05,1093.05
126,07/02/19,1078.6,1083.21,1083.21,1083.21
127,07/01/19,1072.48,1078.6,1078.6,1078.6
128,06/28/19,1068.49,1072.47,1072.47,1072.47
129,06/27/19,1061.79,1068.53,1068.53,1068.53
130,06/26/19,1075.33,1061.9,1061.9,1061.9
131,06/25/19,1079.63,1075.31,1075.31,1075.31
132,06/24/19,1085.14,1079.74,1079.74,1079.75
133,06/21/19,1080.5,1085.15,1085.15,1085.15
134,06/20/19,1076.3,1080.43,1080.43,1080.43
135,06/19/19,1065.89,1076.1,1076.1,1076.1
136,06/18/19,1057.21,1065.9,1065.9,1065.9
137,06/17/19,1052.26,1057.19,1057.19,1057.19
138,06/14/19,1054.62,1052.28,1052.28,1052.28
139,06/13/19,1056.33,1055.35,1055.35,1055.35
140,06/12/19,1051.11,1056.56,1056.56,1056.56
141,06/11/19,1053.89,1051.17,1051.17,1051.17
142,06/10/19,1050.58,1053.78,1053.78,1053.78
143,06/07/19,1037.31,1050.52,1050.52,1050.52
144,06/06/19,1033.91,1037.29,1037.29,1037.29
145,06/05/19,1027.24,1034.02,1034.02,1034.02
146,06/04/19,1010.25,1027.09,1027.09,1027.09
147,06/03/19,1006.94,1010.07,1010.07,1010.07
148,05/31/19,1014.87,1007.0,1007.0,1007.0
149,05/30/19,1009.68,1014.93,1014.93,1014.93
150,05/29/19,1019.33,1009.65,1009.65,1009.65
151,05/28/19,1034.02,1019.38,1019.38,1019.38
152,05/24/19,1032.04,1033.95,1033.95,1033.95
153,05/23/19,1036.32,1032.68,1032.68,1032.68
154,05/22/19,1029.91,1036.5,1036.5,1036.5
155,05/21/19,1021.58,1029.96,1029.96,1029.96
156,05/20/19,1021.71,1021.56,1021.56,1021.56
157,05/17/19,1023.59,1021.94,1021.94,1021.94
158,05/16/19,1015.73,1023.65,1023.65,1023.65
159,05/15/19,1013.25,1016.01,1016.01,1016.01
160,05/14/19,1009.16,1013.28,1013.28,1013.28
161,05/13/19,1026.64,1009.16,1009.16,1009.16
162,05/10/19,1027.81,1027.08,1027.08,1027.08
163,05/09/19,1029.01,1027.78,1027.78,1027.78
164,05/08/19,1028.7,1029.92,1029.92,1029.92
165,05/07/19,1048.99,1028.7,1028.7,1028.7
166,05/06/19,1042.65,1049.13,1049.13,1049.13
167,05/03/19,1035.21,1043.06,1043.06,1043.06
168,05/02/19,1030.27,1035.18,1035.18,1035.18
169,05/01/19,1033.34,1030.29,1030.29,1030.29
170,04/30/19,1027.9,1033.35,1033.35,1033.35
171,04/29/19,1030.02,1027.85,1027.85,1027.85
172,04/26/19,1020.4,1030.02,1030.02,1030.02
173,04/25/19,1008.99,1020.19,1020.19,1020.19
174,04/24/19,1010.25,1008.77,1008.77,1008.77
175,04/23/19,994.45,1010.15,1010.15,1010.15
176,04/22/19,993.37,994.29,994.29,994.29
177,04/18/19,992.23,993.64,993.64,993.64
178,04/17/19,1021.91,992.27,992.27,992.27
179,04/16/19,1043.23,1021.77,1021.77,1021.77
180,04/15/19,1039.31,1042.89,1042.89,1042.89
181,04/12/19,1048.93,1039.31,1039.31,1039.31
182,04/11/19,1062.37,1049.49,1049.49,1049.49
183,04/10/19,1060.94,1062.35,1062.35,1062.35
184,04/09/19,1065.04,1060.94,1060.94,1060.94
185,04/08/19,1065.28,1065.1,1065.1,1065.1
186,04/05/19,1057.9,1065.28,1065.28,1065.28
187,04/04/19,1060.27,1057.84,1057.84,1057.84
188,04/03/19,1061.77,1060.41,1060.41,1060.41
189,04/02/19,1064.27,1061.7,1061.7,1061.7
190,04/01/19,1062.6,1064.24,1064.24,1064.24
191,03/29/19,1050.07,1062.47,1062.47,1062.47
192,03/28/19,1047.18,1050.07,1050.07,1050.07
193,03/27/19,1055.89,1047.3,1047.3,1047.3
194,03/26/19,1048.87,1055.88,1055.88,1055.88
195,03/25/19,1049.43,1048.7,1048.7,1048.7
196,03/22/19,1068.58,1049.44,1049.44,1049.44
197,03/21/19,1064.78,1068.66,1068.66,1068.66
198,03/20/19,1072.17,1064.97,1064.97,1064.97
199,03/19/19,1063.85,1072.17,1072.17,1072.17
200,03/18/19,1065.44,1063.83,1063.83,1063.83
201,03/15/19,1060.18,1065.44,1065.44,1065.44
202,03/14/19,1062.22,1060.23,1060.23,1060.23
203,03/13/19,1051.34,1062.93,1062.93,1062.93
204,03/12/19,1044.36,1051.32,1051.32,1051.32
205,03/11/19,1032.29,1044.33,1044.33,1044.33
206,03/08/19,1034.46,1032.22,1032.22,1032.22
207,03/07/19,1043.05,1034.76,1034.76,1034.76
208,03/06/19,1058.72,1043.04,1043.04,1043.04
209,03/05/19,1059.47,1058.64,1058.64,1058.64
210,03/04/19,1073.73,1059.39,1059.39,1059.39
211,03/01/19,1059.01,1073.74,1073.74,1073.74
212,02/28/19,1062.33,1058.77,1058.77,1058.77
213,02/27/19,1067.17,1061.97,1061.97,1061.97
214,02/26/19,1070.47,1067.19,1067.19,1067.19
215,02/25/19,1069.4,1070.57,1070.57,1070.57
216,02/22/19,1060.07,1070.06,1070.06,1070.06
217,02/21/19,1069.44,1060.16,1060.16,1060.16
218,02/20/19,1070.89,1069.57,1069.57,1069.57
219,02/19/19,1073.53,1070.95,1070.95,1070.95
220,02/15/19,1058.24,1073.62,1073.62,1073.62
221,02/14/19,1054.99,1058.05,1058.05,1058.05
222,02/13/19,1053.07,1055.58,1055.58,1055.58
223,02/12/19,1039.1,1052.99,1052.99,1052.99
224,02/11/19,1040.41,1039.02,1039.02,1039.02
225,02/08/19,1039.17,1040.39,1040.39,1040.39
226,02/07/19,1049.58,1038.49,1038.49,1038.49
227,02/06/19,1046.22,1049.57,1049.57,1049.57
228,02/05/19,1046.85,1045.77,1045.77,1045.77
229,02/04/19,1050.7,1046.61,1046.61,1046.61
230,02/01/19,1047.31,1050.21,1050.21,1050.21
231,01/31/19,1035.5,1047.87,1047.87,1047.87
232,01/30/19,1021.96,1036.15,1036.15,1036.15
233,01/29/19,1017.47,1022.21,1022.21,1022.21
234,01/28/19,1028.96,1017.44,1017.44,1017.44
235,01/25/19,1027.81,1029.15,1029.15,1029.15
236,01/24/19,1036.54,1027.7,1027.7,1027.7
237,01/23/19,1035.49,1036.65,1036.65,1036.65
238,01/22/19,1042.65,1035.35,1035.35,1035.35
239,01/18/19,1030.91,1042.81,1042.81,1042.81
240,01/17/19,1021.38,1030.62,1030.62,1030.62
241,01/16/19,1023.06,1021.42,1021.42,1021.42
242,01/15/19,1005.5,1022.98,1022.98,1022.98
243,01/14/19,1016.57,1005.45,1005.45,1005.45
244,01/11/19,1013.93,1017.28,1017.28,1017.28
245,01/10/19,1011.49,1013.96,1013.96,1013.96
246,01/09/19,1008.34,1011.51,1011.51,1011.51
247,01/08/19,998.92,1008.3,1008.3,1008.3
248,01/07/19,994.78,998.85,998.85,998.85
249,01/04/19,965.68,994.77,994.77,994.77
250,01/03/19,987.43,965.75,965.75,965.75
251,01/02/19,1001.09,987.65,987.65,987.65
252,12/31/18,987.64,1001.18,1001.18,1001.18
253,12/28/18,987.01,987.48,987.48,987.48
254,12/27/18,976.15,987.07,987.07,987.07
255,12/26/18,934.25,976.62,976.62,976.62
256,12/24/18,957.87,934.18,934.18,934.18
257,12/21/18,971.81,958.02,958.02,958.02
258,12/20/18,984.25,971.78,971.78,971.78
259,12/19/18,997.26,984.34,984.34,984.34
260,12/18/18,1005.08,997.04,997.04,997.04
261,12/17/18,1026.6,1005.04,1005.04,1005.04
262,12/14/18,1061.81,1026.67,1026.67,1026.67
263,12/13/18,1061.59,1062.49,1062.49,1062.49
264,12/12/18,1052.81,1061.65,1061.65,1061.65
265,12/11/18,1049.49,1052.6,1052.6,1052.6
266,12/10/18,1046.06,1049.44,1049.44,1049.44
267,12/07/18,1072.84,1046.01,1046.01,1046.01
268,12/06/18,1076.06,1072.97,1072.97,1072.97
269,12/04/18,1101.57,1076.29,1076.29,1076.29
270,12/03/18,1096.98,1101.62,1101.62,1101.62
271,11/30/18,1084.83,1096.84,1096.84,1096.84
272,11/29/18,1081.76,1085.11,1085.11,1085.11
273,11/28/18,1055.96,1081.82,1081.82,1081.82
274,11/27/18,1045.53,1055.87,1055.87,1055.87
275,11/26/18,1035.08,1045.51,1045.51,1045.51
276,11/23/18,1034.37,1035.74,1035.74,1035.74
277,11/21/18,1039.77,1034.52,1034.52,1034.52
278,11/20/18,1049.77,1039.8,1039.8,1039.8
279,11/19/18,1063.48,1049.99,1049.99,1049.99
280,11/16/18,1053.43,1063.52,1063.52,1063.52
281,11/15/18,1043.33,1053.61,1053.61,1053.61
282,11/14/18,1052.92,1043.64,1043.64,1043.64
283,11/13/18,1059.87,1052.66,1052.66,1052.66
284,11/12/18,1074.94,1059.87,1059.87,1059.87
285,11/09/18,1078.06,1074.78,1074.78,1074.78
286,11/08/18,1077.49,1078.32,1078.32,1078.32
287,11/07/18,1047.38,1078.14,1078.14,1078.14
288,11/06/18,1041.92,1047.35,1047.35,1047.35
289,11/05/18,1033.33,1041.93,1041.93,1041.93
290,11/02/18,1040.18,1033.3,1033.3,1033.3
291,11/01/18,1026.71,1040.12,1040.12,1040.12
292,10/31/18,1024.74,1026.7,1026.7,1026.7
293,10/30/18,1013.49,1024.73,1024.73,1024.73
294,10/29/18,1011.89,1013.51,1013.51,1013.51
295,10/26/18,1022.54,1011.7,1011.7,1011.7
296,10/25/18,1010.23,1022.71,1022.71,1022.71
297,10/24/18,1044.54,1010.21,1010.21,1010.21
298,10/23/18,1049.79,1044.6,1044.6,1044.6
299,10/22/18,1058.87,1050.2,1050.2,1050.2
300,10/19/18,1069.0,1058.82,1058.82,1058.82
301,10/18/18,1081.37,1069.0,1069.0,1069.0
302,10/17/18,1076.24,1081.37,1081.37,1081.37
303,10/16/18,1046.01,1076.25,1076.25,1076.25
304,10/15/18,1053.98,1045.93,1045.93,1045.93
305,10/12/18,1038.25,1054.06,1054.06,1054.06
306,10/11/18,1067.04,1038.71,1038.71,1038.71
307,10/10/18,1093.03,1067.14,1067.14,1067.15
308,10/09/18,1090.5,1093.08,1093.08,1093.08
309,10/08/18,1092.36,1090.49,1090.49,1090.49
310,10/05/18,1093.25,1092.32,1092.32,1092.32
311,10/04/18,1103.44,1093.25,1093.25,1093.25
312,10/03/18,1106.26,1103.66,1103.66,1103.66
313,10/02/18,1107.28,1106.23,1106.23,1106.23
314,10/01/18,1101.36,1107.28,1107.28,1107.28
315,09/28/18,1097.61,1101.36,1101.36,1101.36
316,09/27/18,1092.52,1097.69,1097.69,1097.69
317,09/26/18,1090.64,1092.83,1092.83,1092.83
318,09/25/18,1093.68,1090.61,1090.61,1090.61
319,09/24/18,1091.82,1093.68,1093.68,1093.68
320,09/21/18,1089.87,1091.93,1091.93,1091.93
321,09/20/18,1079.87,1089.86,1089.86,1089.86
322,09/19/18,1081.04,1079.83,1079.83,1079.83
323,09/18/18,1075.34,1081.03,1081.03,1081.03
324,09/17/18,1079.02,1075.33,1075.33,1075.33
325,09/14/18,1082.13,1078.92,1078.92,1078.92
326,09/13/18,1070.47,1082.49,1082.49,1082.49
327,09/12/18,1064.47,1070.31,1070.31,1070.31
328,09/11/18,1064.63,1064.47,1064.47,1064.47
329,09/10/18,1068.01,1064.73,1064.73,1064.73
330,09/07/18,1066.37,1068.04,1068.04,1068.04
331,09/06/18,1066.15,1066.42,1066.42,1066.42
332,09/05/18,1063.5,1066.46,1066.46,1066.46
333,09/04/18,1071.25,1063.58,1063.58,1063.58
334,08/31/18,1070.16,1071.38,1071.38,1071.38
335,08/30/18,1072.49,1071.37,1071.37,1071.37
336,08/29/18,1065.55,1072.53,1072.53,1072.53
337,08/28/18,1064.55,1065.54,1065.54,1065.54
338,08/27/18,1060.26,1064.54,1064.54,1064.54
339,08/24/18,1056.16,1060.95,1060.95,1060.95
340,08/23/18,1057.23,1056.17,1056.17,1056.17
341,08/22/18,1056.01,1057.21,1057.21,1057.21
342,08/21/18,1056.16,1056.06,1056.06,1056.06
343,08/20/18,1052.93,1056.22,1056.22,1056.22
344,08/17/18,1048.96,1052.91,1052.91,1052.91
345,08/16/18,1039.18,1048.99,1048.99,1048.99
346,08/15/18,1040.94,1039.47,1039.47,1039.47
347,08/14/18,1036.29,1041.11,1041.11,1041.11
348,08/13/18,1036.36,1036.45,1036.45,1036.45
349,08/10/18,1040.34,1036.36,1036.36,1036.36
350,08/09/18,1041.55,1040.43,1040.43,1040.43
351,08/08/18,1039.83,1041.49,1041.49,1041.49
352,08/07/18,1039.91,1039.83,1039.83,1039.83
353,08/06/18,1038.46,1039.95,1039.95,1039.95
354,08/03/18,1031.67,1038.48,1038.48,1038.48
355,08/02/18,1028.27,1031.9,1031.9,1031.9
356,08/01/18,1028.55,1028.9,1028.9,1028.91
357,07/31/18,1018.08,1028.39,1028.39,1028.39
358,07/30/18,1017.08,1018.07,1018.07,1018.07
359,07/27/18,1024.44,1017.08,1017.08,1017.08
360,07/26/18,1026.45,1024.41,1024.41,1024.41
361,07/25/18,1014.84,1026.43,1026.43,1026.43
362,07/24/18,1005.48,1014.79,1014.79,1014.79
363,07/23/18,1003.28,1005.68,1005.68,1005.68
364,07/20/18,1004.74,1003.27,1003.27,1003.27
365,07/19/18,1010.85,1005.3,1005.3,1005.3
366,07/18/18,1009.99,1010.88,1010.88,1010.88
367,07/17/18,1004.58,1010.06,1010.06,1010.06
368,07/16/18,1011.59,1004.65,1004.65,1004.65
369,07/13/18,1009.24,1011.6,1011.6,1011.6
370,07/12/18,997.79,1009.29,1009.29,1009.29
371,07/11/18,1006.3,998.35,998.35,998.35
372,07/10/18,1001.78,1006.33,1006.33,1006.33
373,07/09/18,995.98,1002.19,1002.19,1002.19
374,07/06/18,981.48,995.69,995.69,995.69
375,07/05/18,971.11,981.5,981.5,981.5
376,07/03/18,969.34,971.33,971.33,971.33
377,07/02/18,965.75,969.31,969.31,969.31
378,06/29/18,964.31,965.78,965.78,965.78
379,06/28/18,962.59,964.33,964.33,964.33
380,06/27/18,971.65,962.74,962.74,962.74
381,06/26/18,974.43,971.72,971.72,971.72
382,06/25/18,983.22,974.48,974.48,974.48
383,06/22/18,979.45,983.37,983.37,983.37
384,06/21/18,984.5,979.24,979.24,979.24
385,06/20/18,982.56,984.48,984.48,984.48
386,06/19/18,980.07,982.47,982.47,982.47
387,06/18/18,989.85,980.1,980.1,980.1
388,06/15/18,987.1,989.86,989.86,989.86
389,06/14/18,982.16,987.36,987.36,987.36
390,06/13/18,983.11,982.76,982.76,982.76
391,06/12/18,983.31,983.02,983.02,983.02
392,06/11/18,982.34,983.31,983.31,983.31
393,06/08/18,975.43,982.32,982.32,982.32
394,06/07/18,976.09,975.49,975.49,975.49
395,06/06/18,964.91,976.2,976.2,976.2
396,06/05/18,965.81,964.88,964.88,964.88
397,06/04/18,962.68,966.33,966.33,966.33
398,06/01/18,950.96,962.68,962.68,962.68
399,05/31/18,961.34,951.45,951.45,951.45
400,05/30/18,948.5,961.44,961.44,961.44
401,05/29/18,958.43,948.39,948.39,948.39
402,05/25/18,959.49,958.6,958.6,958.6
403,05/24/18,963.42,960.21,960.21,960.21
404,05/23/18,960.18,963.43,963.43,963.43
405,05/22/18,962.94,960.21,960.21,960.21
406,05/21/18,961.8,962.87,962.87,962.87
407,05/18/18,959.22,961.78,961.78,961.78
408,05/17/18,958.83,959.17,959.17,959.17
409,05/16/18,953.53,958.98,958.98,958.98
410,05/15/18,966.35,953.9,953.9,953.9
411,05/14/18,960.18,966.41,966.41,966.41
412,05/11/18,946.49,960.18,960.18,960.18
413,05/10/18,933.86,946.27,946.27,946.27
414,05/09/18,928.66,934.33,934.33,934.33
415,05/08/18,936.11,928.65,928.65,928.65
416,05/07/18,936.87,935.96,935.96,935.96
417,05/04/18,929.92,936.97,936.97,936.97
418,05/03/18,938.1,929.95,929.95,929.95
419,05/02/18,951.45,938.13,938.13,938.13
420,05/01/18,950.97,951.54,951.54,951.54
421,04/30/18,966.42,951.27,951.27,951.27
422,04/27/18,962.22,966.38,966.38,966.38
423,04/26/18,950.42,962.14,962.14,962.14
424,04/25/18,946.47,950.37,950.37,950.37
425,04/24/18,953.61,946.08,946.08,946.08
426,04/23/18,949.78,953.6,953.6,953.6
427,04/20/18,955.02,949.72,949.72,949.72
428,04/19/18,962.73,955.01,955.01,955.01
429,04/18/18,962.42,962.8,962.8,962.8
430,04/17/18,954.6,962.38,962.38,962.38
431,04/16/18,947.01,954.53,954.53,954.53
432,04/13/18,947.75,946.91,946.91,946.91
433,04/12/18,941.04,947.64,947.64,947.64
434,04/11/18,949.69,941.6,941.6,941.6
435,04/10/18,933.67,949.79,949.79,949.79
436,04/09/18,925.11,933.59,933.59,933.59
437,04/06/18,947.54,924.95,924.95,924.95
438,04/05/18,948.08,947.65,947.65,947.65
439,04/04/18,935.07,948.25,948.25,948.25
440,04/03/18,921.25,935.19,935.19,935.19
441,04/02/18,940.42,921.22,921.22,921.22
442,03/29/18,935.58,940.73,940.73,940.73
443,03/28/18,931.18,935.52,935.52,935.52
444,03/27/18,941.95,930.93,930.93,930.93
445,03/26/18,922.8,941.74,941.74,941.74
446,03/23/18,942.27,922.73,922.73,922.73
447,03/22/18,969.96,942.26,942.26,942.26
448,03/21/18,974.25,970.28,970.28,970.28
449,03/20/18,973.15,974.24,974.24,974.24
450,03/19/18,989.88,973.13,973.13,973.13
451,03/16/18,989.22,989.91,989.91,989.91
452,03/15/18,990.44,989.21,989.21,989.21
453,03/14/18,996.01,990.6,990.6,990.6
454,03/13/18,994.92,996.43,996.43,996.43
455,03/12/18,999.35,994.91,994.91,994.91
456,03/09/18,985.39,999.36,999.36,999.36
457,03/08/18,978.05,984.97,984.97,984.97
458,03/07/18,973.25,978.37,978.37,978.37
459,03/06/18,974.81,973.54,973.54,973.54
460,03/05/18,966.32,974.75,974.75,974.75
461,03/02/18,956.72,966.5,966.5,966.5
462,03/01/18,971.83,956.83,956.83,956.83
463,02/28/18,988.0,971.88,971.88,971.88
464,02/27/18,998.06,988.06,988.06,988.06
465,02/26/18,985.52,998.11,998.11,998.11
466,02/23/18,971.03,986.16,986.16,986.16
467,02/22/18,972.35,970.81,970.81,970.81
468,02/21/18,976.59,972.27,972.27,972.27
469,02/20/18,987.16,976.63,976.63,976.63
470,02/16/18,980.35,987.19,987.19,987.19
471,02/15/18,969.25,980.37,980.37,980.37
472,02/14/18,958.14,969.16,969.16,969.16
473,02/13/18,958.04,958.75,958.75,958.75
474,02/12/18,949.25,958.25,958.25,958.25
475,02/09/18,935.72,949.09,949.09,949.09
476,02/08/18,970.2,935.46,935.46,935.46
477,02/07/18,970.75,970.02,970.02,970.03
478,02/06/18,959.77,970.79,970.79,970.79
479,02/05/18,1005.66,959.93,959.93,959.93
480,02/02/18,1019.34,1005.73,1005.73,1005.72
481,02/01/18,1019.01,1019.42,1019.42,1019.42
482,01/31/18,1034.05,1019.08,1019.08,1019.08
483,01/30/18,1056.26,1034.03,1034.03,1034.03
484,01/29/18,1059.3,1056.49,1056.49,1056.49
485,01/26/18,1036.86,1059.33,1059.33,1059.33
486,01/25/18,1027.77,1036.84,1036.84,1036.84
487,01/24/18,1024.66,1027.74,1027.74,1027.74
488,01/23/18,1029.98,1024.5,1024.5,1024.5
489,01/22/18,1023.13,1029.83,1029.83,1029.83
490,01/19/18,1019.18,1023.13,1023.13,1023.13
491,01/18/18,1018.93,1019.13,1019.13,1019.13
492,01/17/18,1009.05,1018.96,1018.96,1018.96
493,01/16/18,1004.48,1009.03,1009.03,1009.03
494,01/12/18,996.99,1004.45,1004.45,1004.45
495,01/11/18,992.55,996.94,996.94,996.94
496,01/10/18,994.22,993.05,993.05,993.05
497,01/09/18,983.52,994.31,994.31,994.31
498,01/08/18,987.25,983.52,983.52,983.52
499,01/05/18,978.51,987.31,987.31,987.31
500,01/04/18,977.32,978.47,978.47,978.47
501,01/03/18,968.27,977.53,977.53,977.53
502,01/02/18,956.42,968.1,968.1,968.1
503,12/29/17,963.3,956.32,956.32,956.32
504,12/28/17,962.22,963.33,963.33,963.33
505,12/27/17,960.68,962.49,962.49,962.49
506,12/26/17,960.16,960.68,960.68,960.68
507,12/22/17,963.25,960.14,960.14,960.14
508,12/21/17,965.78,963.27,963.27,963.27
509,12/20/17,968.49,965.74,965.74,965.74
510,12/19/17,969.56,968.48,968.48,968.48
511,12/18/17,969.67,969.55,969.55,969.55
512,12/15/17,958.52,969.66,969.66,969.66
513,12/14/17,968.08,958.49,958.49,958.49
514,12/13/17,965.66,968.69,968.69,968.69
515,12/12/17,961.89,965.75,965.75,965.75
516,12/11/17,957.88,961.9,961.9,961.9
517,12/08/17,947.41,957.88,957.88,957.88
518,12/07/17,946.87,947.37,947.37,947.37
519,12/06/17,948.13,947.1,947.1,947.1
520,12/05/17,949.58,948.16,948.16,948.16
521,12/04/17,961.83,949.95,949.95,949.95
522,12/01/17,963.63,961.86,961.86,961.86
523,11/30/17,956.21,963.64,963.64,963.64
524,11/29/17,951.68,956.49,956.49,956.49
525,11/28/17,944.93,951.67,951.67,951.67
526,11/27/17,944.1,944.92,944.92,944.92
527,11/24/17,942.71,944.77,944.77,944.77
528,11/22/17,943.18,942.71,942.71,942.71
529,11/21/17,935.07,943.07,943.07,943.07
530,11/20/17,938.84,934.9,934.9,934.9
531,11/17/17,942.42,938.86,938.86,938.86
532,11/16/17,932.78,942.53,942.53,942.53
533,11/15/17,935.55,933.04,933.04,933.04
534,11/14/17,939.35,935.63,935.63,935.63
535,11/13/17,938.57,939.64,939.64,939.64
536,11/10/17,944.9,938.63,938.63,938.63
537,11/09/17,944.56,944.9,944.9,944.9
538,11/08/17,942.95,945.21,945.21,945.21
539,11/07/17,940.57,943.1,943.1,943.1
540,11/06/17,943.75,940.57,940.57,940.57
541,11/03/17,936.35,943.75,943.75,943.75
542,11/02/17,939.96,936.3,936.3,936.3
543,11/01/17,938.49,940.2,940.2,940.2
544,10/31/17,939.96,938.35,938.35,938.35
545,10/30/17,950.05,939.87,939.87,939.87
546,10/27/17,950.38,950.09,950.09,950.09
547,10/26/17,955.38,950.36,950.36,950.36
548,10/25/17,961.37,960.24,960.24,960.24
549,10/24/17,967.81,961.36,961.36,961.36
550,10/23/17,970.58,967.86,967.86,967.86
551,10/20/17,969.31,970.4,970.4,970.4
552,10/19/17,963.24,969.29,969.29,969.29
553,10/18/17,961.91,963.46,963.46,963.46
554,10/17/17,949.48,961.89,961.89,961.89
555,10/16/17,953.08,949.42,949.42,949.42
556,10/13/17,955.81,953.06,953.06,953.06
557,10/12/17,957.03,955.91,955.91,955.91
558,10/11/17,955.22,957.54,957.54,957.54
559,10/10/17,953.21,955.28,955.28,955.28
560,10/09/17,959.57,953.15,953.15,953.15
561,10/06/17,960.04,959.6,959.6,959.6
562,10/05/17,959.67,960.25,960.25,960.25
563,10/04/17,955.6,959.8,959.8,959.8
564,10/03/17,955.31,955.5,955.5,955.5
565,10/02/17,946.32,955.32,955.32,955.32
566,09/29/17,940.93,946.31,946.31,946.31
567,09/28/17,939.21,940.86,940.86,940.86
568,09/27/17,940.1,939.56,939.56,939.56
569,09/26/17,941.79,940.15,940.15,940.15
570,09/25/17,944.96,941.79,941.79,941.79
571,09/22/17,944.22,944.95,944.95,944.95
572,09/21/17,949.27,944.16,944.16,944.16
573,09/20/17,947.71,949.46,949.46,949.46
574,09/19/17,955.52,948.03,948.03,948.03
575,09/18/17,956.1,955.53,955.53,955.53
576,09/15/17,958.7,955.98,955.98,955.98
577,09/14/17,957.63,958.71,958.71,958.71
578,09/13/17,961.72,958.27,958.27,958.27
579,09/12/17,959.7,961.72,961.72,961.72
580,09/11/17,951.85,959.66,959.66,959.66
581,09/08/17,947.76,951.83,951.83,951.83
582,09/07/17,937.61,947.85,947.85,947.85
583,09/06/17,933.44,937.62,937.62,937.62
584,09/05/17,937.42,933.39,933.39,933.39
585,09/01/17,938.29,937.49,937.49,937.49
586,08/31/17,922.7,938.28,938.28,938.28
587,08/30/17,917.39,922.64,922.64,922.64
588,08/29/17,915.74,917.43,917.43,917.43
589,08/28/17,910.44,915.9,915.9,915.9
590,08/25/17,910.89,910.4,910.4,910.4
591,08/24/17,908.9,911.46,911.46,911.46
592,08/23/17,915.36,908.88,908.88,908.88
593,08/22/17,904.87,915.4,915.4,915.4
594,08/21/17,900.7,904.83,904.83,904.83
595,08/18/17,904.45,900.71,900.71,900.71
596,08/17/17,916.0,904.46,904.46,904.46
597,08/16/17,913.66,916.03,916.03,916.03
598,08/15/17,913.66,913.71,913.71,913.71
599,08/14/17,908.07,913.91,913.91,913.91
600,08/11/17,905.09,908.0,908.0,908.0
601,08/10/17,916.96,905.32,905.32,905.32
602,08/09/17,915.62,917.05,917.05,917.05
603,08/08/17,920.08,915.62,915.62,915.62
604,08/07/17,918.6,920.08,920.08,920.08
605,08/04/17,920.6,918.6,918.6,918.6
606,08/03/17,918.99,920.6,920.6,920.6
607,08/02/17,921.19,919.03,919.03,919.03
608,08/01/17,923.14,921.07,921.07,921.07
609,07/31/17,924.28,923.11,923.11,923.11
610,07/28/17,919.64,924.28,924.28,924.28
611,07/27/17,925.96,919.64,919.64,919.64
612,07/26/17,928.79,925.96,925.96,925.96
613,07/25/17,935.09,928.84,928.84,928.84
614,07/24/17,936.06,935.15,935.15,935.15
615,07/21/17,936.6,936.04,936.04,936.04
616,07/20/17,930.95,936.63,936.63,936.63
617,07/19/17,923.58,930.88,930.88,930.88
618,07/18/17,923.02,923.46,923.46,923.46
619,07/17/17,925.82,923.01,923.01,923.01
620,07/14/17,919.96,925.82,925.82,925.82
621,07/13/17,919.15,919.95,919.95,919.95
622,07/12/17,912.89,919.15,919.15,919.15
623,07/11/17,913.84,913.21,913.21,913.21
624,07/10/17,916.54,913.91,913.91,913.91
625,07/07/17,911.37,916.54,916.54,916.54
626,07/06/17,923.22,911.36,911.36,911.36
627,07/05/17,917.93,923.3,923.3,923.3
628,07/03/17,916.94,918.32,918.32,918.32
629,06/30/17,917.98,916.93,916.93,916.93
630,06/29/17,926.12,917.95,917.95,917.95
631,06/28/17,921.31,926.16,926.16,926.16
632,06/27/17,929.75,921.32,921.32,921.32
633,06/26/17,931.35,929.87,929.87,929.87
634,06/23/17,932.45,931.36,931.36,931.36
635,06/22/17,922.48,932.2,932.2,932.2
636,06/21/17,911.37,922.48,922.48,922.48
637,06/20/17,908.26,911.31,911.31,911.31
638,06/19/17,898.7,908.29,908.29,908.29
639,06/16/17,897.33,898.6,898.6,898.6
640,06/15/17,897.95,897.33,897.33,897.33
641,06/14/17,893.98,898.22,898.22,898.22
642,06/13/17,892.53,894.09,894.09,894.09
643,06/12/17,894.09,892.94,892.94,892.94
644,06/09/17,888.58,894.13,894.13,894.13
645,06/08/17,890.3,888.51,888.51,888.52
646,06/07/17,887.83,890.36,890.36,890.36
647,06/06/17,890.49,887.92,887.92,887.92
648,06/05/17,893.14,890.51,890.51,890.51
649,06/02/17,887.94,893.13,893.13,893.13
650,06/01/17,877.53,887.94,887.94,887.94
651,05/31/17,873.77,877.55,877.55,877.55
652,05/30/17,875.01,873.78,873.78,873.78
653,05/26/17,876.87,875.05,875.05,875.05
654,05/25/17,872.27,876.9,876.9,876.9
655,05/24/17,871.04,872.96,872.96,872.96
656,05/23/17,867.9,870.89,870.89,870.89
657,05/22/17,865.72,867.87,867.87,867.87
658,05/19/17,863.41,865.83,865.83,865.83
659,05/18/17,859.85,863.41,863.41,863.41
660,05/17/17,870.7,859.85,859.85,859.85
661,05/16/17,874.32,870.89,870.89,870.89
662,05/15/17,868.91,874.29,874.29,874.29
663,05/12/17,870.8,869.16,869.16,869.16
664,05/11/17,870.29,870.79,870.79,870.79
665,05/10/17,872.31,870.32,870.32,870.32
666,05/09/17,872.58,873.25,873.25,873.25
667,05/08/17,877.59,872.57,872.57,872.57
668,05/05/17,877.99,877.59,877.59,877.59
669,05/04/17,873.09,878.11,878.11,878.11
670,05/03/17,876.11,872.94,872.94,872.94
671,05/02/17,873.58,876.26,876.26,876.26
672,05/01/17,872.25,873.55,873.55,873.55
673,04/28/17,870.25,872.26,872.26,872.26
674,04/27/17,867.95,870.21,870.21,870.21
675,04/26/17,863.63,867.95,867.95,867.95
676,04/25/17,859.64,863.61,863.61,863.61
677,04/24/17,852.04,859.64,859.64,859.64
678,04/21/17,855.84,851.57,851.57,851.57
679,04/20/17,851.14,855.83,855.83,855.83
680,04/19/17,848.93,851.13,851.13,851.13
681,04/18/17,857.42,848.88,848.88,848.88
682,04/17/17,854.92,857.55,857.55,857.55
683,04/13/17,857.24,854.9,854.9,854.9
684,04/12/17,857.02,857.23,857.23,857.23
685,04/11/17,858.0,856.99,856.99,856.99
686,04/10/17,859.92,858.52,858.52,858.52
687,04/07/17,858.36,859.9,859.9,859.9
688,04/06/17,857.22,858.35,858.35,858.35
689,04/05/17,859.98,857.22,857.22,857.22
690,04/04/17,860.49,860.1,860.1,860.1
691,04/03/17,859.75,860.53,860.53,860.53
692,03/31/17,862.04,859.75,859.75,859.75
693,03/30/17,862.07,862.06,862.06,862.06
694,03/29/17,862.0,862.1,862.1,862.1
695,03/28/17,861.69,862.17,862.17,862.17
696,03/27/17,858.45,861.71,861.71,861.71
697,03/24/17,858.62,858.59,858.59,858.59
698,03/23/17,861.89,858.81,858.81,858.81
699,03/22/17,861.15,861.95,861.95,861.95
700,03/21/17,868.13,861.29,861.29,861.29
701,03/20/17,869.94,868.11,868.11,868.11
702,03/17/17,874.63,869.94,869.94,869.94
703,03/16/17,882.5,874.58,874.58,874.58
704,03/15/17,872.21,882.5,882.5,882.5
705,03/14/17,874.81,872.18,872.18,872.18
706,03/13/17,875.96,875.03,875.03,875.03
707,03/10/17,873.23,876.38,876.38,876.38
708,03/09/17,868.03,873.21,873.21,873.21
709,03/08/17,865.01,868.01,868.01,868.01
710,03/07/17,871.15,865.34,865.34,865.34
711,03/06/17,875.02,871.16,871.16,871.16
712,03/03/17,871.54,875.04,875.04,875.04
713,03/02/17,873.61,871.6,871.6,871.6
714,03/01/17,864.68,873.61,873.61,873.61
715,02/28/17,866.72,864.61,864.61,864.61
716,02/27/17,863.16,866.68,866.68,866.68
717,02/24/17,858.74,863.34,863.34,863.34
718,02/23/17,853.33,859.65,859.65,859.65
719,02/22/17,854.54,853.32,853.32,853.32
720,02/21/17,850.54,854.53,854.53,854.53
721,02/17/17,849.58,850.54,850.54,850.54
722,02/16/17,850.79,849.58,849.58,849.58
723,02/15/17,840.8,850.8,850.8,850.8
724,02/14/17,834.75,840.97,840.97,840.97
725,02/13/17,829.21,834.87,834.87,834.87
726,02/10/17,828.54,829.52,829.52,829.52
727,02/09/17,824.92,828.53,828.53,828.53
728,02/08/17,825.93,824.93,824.93,824.93
729,02/07/17,825.41,826.09,826.09,826.09
730,02/06/17,825.74,825.35,825.35,825.35
731,02/03/17,820.96,825.74,825.74,825.74
732,02/02/17,819.85,820.89,820.89,820.89
733,02/01/17,813.54,819.85,819.85,819.85
734,01/31/17,802.56,814.06,814.06,814.06
735,01/30/17,806.11,802.77,802.77,802.77
736,01/27/17,799.68,806.11,806.11,806.11
737,01/26/17,804.86,799.68,799.68,799.68
738,01/25/17,798.5,805.39,805.39,805.39
739,01/24/17,803.76,798.49,798.49,798.49
740,01/23/17,807.33,803.72,803.72,803.72
741,01/20/17,809.86,807.33,807.33,807.33
742,01/19/17,814.77,809.7,809.7,809.7
743,01/18/17,815.82,814.8,814.8,814.8
744,01/17/17,819.52,815.82,815.82,815.82
